hour,id,score,comments,best_rank
16,42156400,84,15,
16,42156430,119,13,
16,42156516,321,271,
16,42156680,190,83,
16,42156977,1107,380,
16,42157335,271,103,
16,42157558,465,181,
16,42157885,193,32,
16,42158130,356,171,
16,42158445,171,66,
16,42158451,26,4,
16,42159786,601,150,
16,42160013,54,23,
16,42160071,246,75,
16,42160647,265,33,
16,42160716,133,53,
16,42161223,163,41,
16,42161284,43,9,
16,42161664,167,120,
16,42161919,895,183,
16,42161987,38,2,
16,42162205,63,14,
16,42162271,136,27,
16,42162404,27,1,
16,42162529,38,2,
16,42162622,263,31,
16,42162654,60,4,
16,42162673,77,16,
16,42162751,123,82,
16,42162755,66,51,
16,42162878,211,87,
16,42163086,86,172,
16,42163302,73,76,
16,42163330,178,110,
16,42163396,20,3,
16,42163518,60,95,
16,42163569,37,0,
16,42163591,210,62,
16,42163872,59,13,
16,42163978,129,34,
16,42164058,25,9,
16,42164071,27,4,
16,42164107,142,40,
16,42164141,221,201,
16,42164154,260,142,
16,42164196,16,1,
16,42164491,42,14,
16,42164637,67,1,
16,42164923,20,3,
16,42165057,362,189,
16,42165397,249,132,
16,42165517,45,7,
16,42165759,128,50,
16,42166085,24,4,
16,42166606,305,192,
16,42166948,212,45,
16,42167388,29,7,
16,42167633,517,168,
16,42167749,284,300,
16,42167763,132,45,
16,42167809,77,11,
16,42168166,269,102,
16,42168423,158,758,
16,42168491,184,73,
16,42168503,207,137,
16,42168576,104,31,
16,42168649,20,0,
16,42168652,242,386,
16,42168921,20,0,
16,42168997,187,156,
16,42169363,77,36,
16,42169594,45,13,
16,42169998,316,183,
16,42170281,83,30,
16,42170356,4,1,
16,42170423,79,8,
16,42170519,76,65,
16,42170552,279,208,
16,42170740,359,54,
16,42171043,176,32,
16,42171051,83,10,
16,42171096,163,30,
16,42171146,168,13,
16,42171164,408,267,
16,42171248,59,11,25
16,42171311,169,64,
16,42171379,8,0,18
16,42171685,132,99,
16,42171693,161,96,
16,42171924,47,115,
16,42172015,41,10,
16,42172034,63,16,
16,42172203,67,41,
16,42172281,271,365,
16,42172565,595,1030,
16,42172575,61,10,
16,42172705,81,168,
16,42172798,22,9,
16,42172857,66,13,
16,42173114,221,55,
16,42173119,288,60,
16,42173184,123,6,
16,42173233,294,120,
16,42173292,93,18,
16,42173538,32,10,12
16,42173960,115,107,
16,42174085,166,50,
16,42174105,109,41,
16,42174181,256,53,
16,42174204,584,315,
16,42174231,298,89,
16,42174703,133,87,
16,42174826,30,8,
16,42174829,452,119,
16,42175023,413,190,
16,42175316,268,401,
16,42175624,197,134,
16,42175821,41,4,
16,42175930,22,34,
16,42176051,30,4,
16,42176081,74,38,
16,42176911,114,49,
16,42176940,17,8,
16,42177251,10,2,
16,42177462,238,55,
16,42177584,91,169,
16,42177619,495,992,
16,42177767,1229,1426,
16,42177984,117,97,
16,42178130,91,46,
16,42178606,11,0,
16,42178916,256,99,
16,42179176,63,55,
16,42179467,237,93,
16,42179541,104,31,
16,42179774,233,99,
16,42179850,56,29,8
16,42179969,26,9,
16,42180039,47,23,
16,42180516,34,0,
16,42180597,132,38,
16,42180872,151,25,
16,42181345,399,182,
16,42181529,191,29,23
16,42181631,42,30,
16,42181803,78,3,
16,42181815,19,7,7
16,42181841,84,28,
16,42182113,73,38,
16,42182146,175,109,
16,42182292,76,31,14
16,42182519,489,147,
16,42182557,57,9,
16,42182680,33,31,
16,42182701,108,14,
16,42182784,125,43,
16,42182888,79,95,
16,42183079,63,11,
16,42183192,43,5,
16,42183471,9,0,
16,42183561,179,98,
16,42183747,131,47,6
16,42184968,81,25,
16,42184977,35,1,
16,42185626,23,2,
16,42185668,315,115,
16,42185715,111,31,
16,42185842,220,50,
16,42186244,368,207,
16,42186467,31,5,
16,42187494,426,334,
16,42187506,324,225,
16,42187632,7,1,
16,42187640,114,46,
16,42187761,267,52,
16,42187766,222,71,
16,42187967,93,104,
16,42188014,33,17,
16,42188043,50,12,
16,42188247,80,50,
16,42188407,172,76,
16,42188544,92,4,
16,42188687,268,424,
16,42188816,60,15,
16,42189253,41,8,
16,42189336,184,211,
16,42189342,16,10,
16,42189445,35,14,
16,42189744,53,51,
16,42189890,173,128,
16,42190065,401,102,
16,42190199,59,19,
16,42190205,54,17,
16,42190341,58,17,
16,42190418,47,31,
16,42190650,303,60,
16,42190769,6,0,
16,42190959,9,2,
16,42190984,6,1,
16,42191354,149,24,
16,42191394,572,711,
16,42191709,581,95,
16,42192237,55,53,
16,42192336,110,70,
16,42192972,197,218,
16,42193530,112,42,
16,42193663,51,18,
16,42193771,613,150,
16,42193793,95,40,
16,42193859,115,90,
16,42193885,61,35,
16,42194170,27,34,
16,42194239,23,1,
16,42194248,40,4,
16,42194315,147,54,
16,42194327,247,479,
16,42194355,79,146,
16,42194540,231,44,
16,42194587,145,69,
16,42194598,33,91,
16,42195635,31,0,
16,42195817,47,99,
16,42195895,696,452,
16,42195994,151,19,
16,42196037,104,68,
16,42196185,38,1,
16,42196226,58,4,
16,42196658,9,0,
16,42196794,170,62,
16,42196805,55,15,
16,42196841,159,50,
16,42197741,152,80,
16,42197754,276,151,
16,42197824,118,150,
16,42197845,124,75,
16,42197953,18,0,
16,42198115,257,185,
16,42198256,125,40,
16,42198278,30,11,
16,42198635,151,34,
16,42198662,19,2,
16,42198759,11,2,
16,42198954,157,28,
16,42198973,42,5,
16,42199112,106,64,
16,42199306,74,29,
16,42199447,365,441,
16,42199486,316,130,
16,42199527,112,108,
16,42199625,21,1,
16,42199769,17,0,
16,42200014,108,13,
16,42200099,233,54,
16,42200209,638,377,
16,42200407,107,60,
16,42200634,16,5,
16,42200699,389,278,
16,42200819,37,3,
16,42200929,25,5,
16,42201117,210,70,
16,42201732,11,6,
16,42201892,313,181,
16,42201936,181,19,
16,42202347,9,1,
16,42202397,354,324,
16,42202449,133,89,
16,42202670,466,320,
16,42202834,93,47,
16,42203434,48,0,
16,42203543,848,997,
16,42203635,163,111,
16,42203895,84,40,
16,42203990,151,59,
16,42204939,77,32,
16,42206556,531,246,
16,42206817,503,448,
16,42206955,186,31,
16,42206990,190,177,
16,42207002,127,32,
16,42207024,15,0,
16,42207044,16,15,
16,42207238,37,71,
16,42207282,108,22,
16,42207304,241,71,
16,42207756,27,5,
16,42207783,9,0,
16,42207893,46,15,
16,42208015,49,3,
16,42208383,562,96,
16,42208406,39,17,
16,42208580,134,63,
16,42208648,13,0,
16,42208850,51,12,
16,42208952,61,10,
16,42208964,122,17,
16,42209159,22,4,
16,42209272,209,191,
16,42210006,13,0,
16,42210017,10,3,
16,42210022,66,38,
16,42210061,8,0,
16,42210242,37,2,
16,42210318,21,2,
16,42210528,150,119,
16,42210560,109,153,
16,42210583,61,16,
16,42210592,27,3,
16,42210605,68,48,
16,42210675,10,1,
16,42210689,270,32,
16,42210728,51,33,
16,42210841,20,12,
16,42211188,75,70,
16,42211561,8,1,
16,42211616,91,93,
16,42211685,30,5,
16,42211820,15,1,
16,42211863,22,9,
16,42212071,235,63,
16,42212106,40,46,
16,42212107,3,0,
16,42212280,7,0,
16,42212412,107,25,
16,42212512,39,50,
16,42212543,79,19,29
16,42212644,593,224,
16,42212700,108,46,
16,42212746,10,0,
16,42212785,75,55,
16,42212992,233,128,
16,42213178,96,39,
16,42213198,15,4,
16,42213264,8,1,
16,42213290,3,0,
16,42213322,142,23,
16,42213412,45,77,
16,42213583,11,0,
16,42213639,88,7,
16,42213663,387,237,
16,42213811,3,0,
16,42213902,49,5,28
16,42213907,4,0,
16,42214331,160,156,
16,42214712,8,0,
16,42214873,60,9,
16,42214880,136,30,
16,42215126,646,358,
16,42215410,77,15,
16,42215438,116,43,
16,42215552,581,181,
16,42215910,177,94,
16,42216217,30,7,
16,42216311,94,33,
16,42216346,3,0,
16,42216504,29,9,
16,42216694,76,80,
16,42217172,5,0,
16,42217199,50,0,
16,42217308,3,0,
16,42217418,47,0,
16,42217484,114,85,
16,42217504,67,47,
16,42217535,157,100,
16,42217596,17,3,
16,42218122,23,13,
16,42218184,152,72,
16,42218188,4,2,
16,42218532,318,76,27
16,42218728,26,2,
16,42218939,145,2,
16,42218941,42,7,
16,42218942,32,5,
16,42219024,85,41,
16,42219061,4,0,
16,42219070,14,0,
16,42219211,30,12,
16,42219234,12,13,
16,42219278,21,6,
16,42219353,9,2,
16,42219407,236,222,
16,42219411,86,36,
16,42219479,13,2,
16,42219501,8,1,
16,42219578,69,23,
16,42219627,49,62,
16,42219657,20,1,
16,42219708,109,157,
16,42219712,15,11,
16,42219749,10,1,
16,42219885,4,1,
16,42219890,154,36,30
16,42219981,52,0,
16,42220078,130,40,
16,42220153,16,4,
16,42220155,475,125,10
16,42220186,8,0,
16,42220304,9,0,
16,42220329,7,2,
16,42220371,7,1,
16,42220413,4,0,
16,42220414,3,0,
16,42220561,27,13,
16,42220580,6,0,
16,42220598,73,12,
16,42220618,27,4,
16,42220638,4,0,
16,42220777,42,46,
16,42221152,6,0,
16,42221512,108,47,24
16,42221623,346,473,
16,42221688,75,101,
16,42221719,6,0,
16,42221748,5,0,
16,42221756,54,77,
16,42221761,4,0,
16,42221937,356,390,
16,42221978,6,0,
16,42222007,78,26,
16,42222131,14,4,
16,42222138,107,12,
16,42222236,6,0,
16,42222249,7,1,
16,42222282,35,20,
16,42222387,56,13,
16,42222431,66,5,
16,42222717,148,43,
16,42222763,28,2,
16,42222773,14,6,
16,42223050,12,0,
16,42223061,9,0,
16,42223099,306,276,9
16,42223100,17,0,
16,42223196,10,15,
16,42223201,42,2,
16,42223251,5,0,
16,42223286,15,5,
16,42223458,5,0,
16,42223509,12,1,
16,42223631,6,0,
16,42223646,54,62,
16,42223650,10,5,
16,42223690,228,33,13
16,42223851,11,2,
16,42223905,91,64,
16,42223930,5,0,
16,42223944,20,0,
16,42224042,7,1,
16,42224113,15,1,
16,42224141,6,9,
16,42224178,8,0,
16,42224186,66,1,20
16,42224212,53,49,
16,42224264,62,35,
16,42224270,11,0,
16,42224306,51,48,
16,42224319,91,4,22
16,42224330,307,209,3
16,42224535,7,1,
16,42224611,7,0,
16,42224670,317,89,4
16,42224685,103,142,
16,42224719,103,3,
16,42224752,17,17,
16,42225029,5,0,
16,42225040,8,6,
16,42225056,19,1,
16,42225088,40,18,26
16,42225099,79,26,16
16,42225260,49,69,
16,42225481,563,124,1
16,42225609,57,40,
16,42225628,7,0,
16,42225688,57,15,
16,42225791,6,1,
16,42225929,41,55,
16,42225971,48,16,17
16,42225977,4,2,
16,42226005,63,47,15
16,42226075,29,18,
16,42226081,106,47,
16,42226156,3,0,
16,42226185,93,114,
16,42226247,6,0,
16,42226357,6,0,
16,42226423,15,1,
16,42226602,30,3,
16,42226833,3,0,
16,42226953,45,63,
16,42226964,19,3,
16,42227013,16,2,
16,42227118,5,6,
16,42227156,6,0,
16,42227193,5,0,
16,42227233,43,4,2
16,42227292,5,5,
16,42227662,22,1,21
16,42228031,29,27,17
16,42228039,6,8,
16,42228091,31,5,5
16,42228486,11,2,3
16,42228518,15,0,16
16,42228538,40,8,1
16,42228662,3,0,19
16,42228672,6,0,9
16,42228713,3,1,
16,42228759,6,1,
17,42156400,84,15,
17,42156430,119,13,
17,42156516,321,271,
17,42156680,190,83,
17,42156977,1107,380,
17,42157335,271,103,
17,42157558,465,181,
17,42157885,193,32,
17,42158130,356,171,
17,42158445,171,66,
17,42158451,26,4,
17,42159786,601,150,
17,42160013,54,23,
17,42160071,246,75,
17,42160647,265,33,
17,42160716,133,53,
17,42161223,163,41,
17,42161284,43,9,
17,42161664,167,120,
17,42161919,896,183,
17,42161987,38,2,
17,42162205,63,14,
17,42162271,136,27,
17,42162404,27,1,
17,42162529,38,2,
17,42162622,263,31,
17,42162654,60,4,
17,42162673,77,16,
17,42162751,123,82,
17,42162755,66,51,
17,42162878,211,88,
17,42163086,86,172,
17,42163302,73,76,
17,42163330,181,110,
17,42163396,20,3,
17,42163518,60,95,
17,42163569,37,0,
17,42163591,210,62,
17,42163872,59,13,
17,42163978,129,34,
17,42164071,27,4,
17,42164107,142,40,
17,42164141,221,201,
17,42164154,260,142,
17,42164196,16,1,
17,42164491,42,14,
17,42164637,67,1,
17,42164923,20,3,
17,42165057,362,189,
17,42165397,249,132,
17,42165517,45,7,
17,42165759,128,50,
17,42166085,24,4,
17,42166606,305,192,
17,42166948,212,45,
17,42167388,29,7,
17,42167633,517,168,
17,42167749,284,300,
17,42167763,132,45,
17,42167809,77,11,
17,42168166,269,102,
17,42168423,158,758,
17,42168491,184,73,
17,42168503,207,137,
17,42168576,104,31,
17,42168652,242,386,
17,42168921,20,0,
17,42168997,187,156,
17,42169363,77,36,
17,42169594,45,13,
17,42169998,316,183,
17,42170281,83,30,
17,42170356,4,1,
17,42170423,79,8,
17,42170519,76,65,
17,42170552,279,208,
17,42170740,359,54,
17,42171043,176,32,
17,42171051,83,10,
17,42171096,164,31,
17,42171146,169,13,
17,42171164,408,267,
17,42171248,59,11,
17,42171311,169,64,
17,42171379,14,1,22
17,42171685,132,99,
17,42171693,162,96,
17,42171924,47,115,
17,42172015,41,10,
17,42172034,63,16,
17,42172203,69,41,
17,42172281,271,365,
17,42172565,595,1030,
17,42172575,63,11,
17,42172705,81,168,
17,42172798,22,9,
17,42172857,66,13,
17,42173114,221,55,
17,42173119,288,60,
17,42173184,124,6,
17,42173233,294,120,
17,42173292,94,18,
17,42173538,35,14,19
17,42173960,115,107,
17,42174085,166,50,
17,42174105,109,41,
17,42174181,258,53,
17,42174204,584,315,
17,42174231,298,89,
17,42174703,133,87,
17,42174826,30,8,
17,42174829,453,119,
17,42175023,414,190,
17,42175316,268,401,
17,42175624,197,134,
17,42175821,41,4,
17,42175930,22,35,
17,42176051,30,4,
17,42176911,114,49,
17,42176940,17,8,
17,42177462,238,55,
17,42177584,91,169,
17,42177619,495,993,
17,42177767,1229,1426,
17,42177984,118,97,
17,42178130,91,46,
17,42178606,11,0,
17,42178916,256,99,
17,42179176,63,55,
17,42179467,237,93,
17,42179541,104,31,
17,42179774,233,99,
17,42179850,66,36,13
17,42179969,26,9,
17,42180039,47,23,
17,42180516,34,0,
17,42180597,132,38,
17,42180872,151,25,
17,42181345,399,182,
17,42181529,193,29,
17,42181631,42,31,
17,42181803,78,3,
17,42181815,21,8,15
17,42181841,84,28,
17,42182113,73,38,
17,42182146,175,109,
17,42182292,83,31,23
17,42182519,489,147,
17,42182557,57,9,
17,42182680,33,31,
17,42182701,108,14,
17,42182784,125,43,
17,42182888,79,95,
17,42183079,66,12,
17,42183192,43,5,
17,42183471,9,0,
17,42183561,179,98,
17,42183747,139,55,10
17,42184968,81,25,
17,42185626,23,2,
17,42185668,315,115,
17,42185715,111,31,
17,42185842,220,50,
17,42186244,368,210,
17,42186467,31,5,
17,42187494,426,334,
17,42187506,324,225,
17,42187632,7,1,
17,42187640,114,46,
17,42187761,267,52,
17,42187766,222,71,
17,42187967,93,104,
17,42188043,50,12,
17,42188247,80,50,
17,42188407,172,76,
17,42188544,92,4,
17,42188687,269,424,
17,42188816,60,15,
17,42189253,41,8,
17,42189336,185,211,
17,42189342,16,10,
17,42189445,35,14,
17,42189491,3,0,
17,42189744,53,51,
17,42189890,173,128,
17,42190065,402,102,
17,42190199,59,19,
17,42190205,54,17,
17,42190341,58,17,
17,42190418,47,31,
17,42190650,303,60,
17,42190769,6,0,
17,42190959,9,2,
17,42190984,6,1,
17,42191354,149,27,
17,42191394,572,711,
17,42191709,581,95,
17,42192237,56,56,
17,42192336,110,70,
17,42192972,198,218,
17,42193530,112,42,
17,42193663,51,18,
17,42193771,613,150,
17,42193793,96,40,
17,42193859,115,90,
17,42193885,61,35,
17,42194170,27,34,
17,42194239,23,1,
17,42194248,40,4,
17,42194315,148,54,
17,42194327,247,479,
17,42194355,79,146,
17,42194540,231,44,
17,42194587,145,69,
17,42194598,33,91,
17,42195635,31,0,
17,42195817,47,99,
17,42195895,696,452,
17,42195994,151,19,
17,42196037,104,68,
17,42196185,38,1,
17,42196226,58,4,
17,42196658,9,0,
17,42196794,170,62,
17,42196805,55,15,
17,42196841,159,50,
17,42197741,152,80,
17,42197754,276,151,
17,42197845,124,75,
17,42197953,18,0,
17,42198115,257,185,
17,42198256,125,40,
17,42198278,30,11,
17,42198635,151,34,
17,42198662,19,2,
17,42198759,11,2,
17,42198954,157,28,
17,42198973,42,5,
17,42199112,106,64,
17,42199306,74,29,
17,42199447,365,441,
17,42199486,316,130,
17,42199527,112,108,
17,42199625,21,1,
17,42199769,17,0,
17,42200014,108,13,
17,42200099,233,54,
17,42200209,639,377,
17,42200407,107,60,
17,42200699,389,278,
17,42200819,37,3,
17,42200929,25,5,
17,42201117,210,70,
17,42201732,11,6,
17,42201892,313,181,
17,42201936,181,19,
17,42202347,9,1,
17,42202397,354,324,
17,42202449,133,89,
17,42202670,466,320,
17,42202834,93,47,
17,42203434,48,0,
17,42203543,848,997,
17,42203635,163,111,
17,42203895,84,40,
17,42203990,151,59,
17,42204939,77,32,
17,42206556,531,246,
17,42206817,503,448,
17,42206955,186,31,
17,42206990,190,177,
17,42207002,127,32,
17,42207024,15,0,
17,42207044,16,15,
17,42207238,37,71,
17,42207282,108,22,
17,42207304,241,71,
17,42207756,27,5,
17,42207783,9,0,
17,42207893,46,15,
17,42208015,49,3,
17,42208383,562,96,
17,42208580,134,63,
17,42208648,13,0,
17,42208850,51,12,
17,42208952,61,10,
17,42208964,123,17,
17,42209159,22,4,
17,42209272,209,191,
17,42210006,13,0,
17,42210017,10,3,
17,42210022,66,38,
17,42210061,8,0,
17,42210242,37,2,
17,42210318,21,2,
17,42210528,151,119,
17,42210560,109,153,
17,42210583,61,16,
17,42210592,27,3,
17,42210605,68,48,
17,42210675,10,1,
17,42210689,270,32,
17,42210728,51,33,
17,42210841,20,12,
17,42211188,75,70,
17,42211561,8,1,
17,42211616,92,93,
17,42211685,30,5,
17,42211820,15,1,
17,42211863,22,9,
17,42212071,236,63,
17,42212106,40,50,
17,42212107,3,0,
17,42212280,7,0,
17,42212412,107,25,
17,42212512,39,50,
17,42212543,80,19,
17,42212644,593,224,
17,42212700,108,46,
17,42212746,10,0,
17,42212785,75,55,
17,42212992,233,128,
17,42213178,96,40,
17,42213198,15,4,
17,42213264,8,1,
17,42213290,3,0,
17,42213322,142,23,
17,42213412,45,77,
17,42213583,11,0,
17,42213639,88,7,
17,42213663,388,237,
17,42213811,3,0,
17,42213902,49,5,
17,42213907,4,0,
17,42214331,160,156,
17,42214712,8,0,
17,42214873,61,9,
17,42214880,136,30,
17,42215126,646,358,
17,42215410,77,15,
17,42215438,116,43,
17,42215552,583,181,
17,42215910,177,95,
17,42216217,30,7,
17,42216311,95,33,
17,42216346,3,0,
17,42216504,29,9,
17,42216694,77,80,
17,42217172,5,0,
17,42217199,50,0,
17,42217308,3,0,
17,42217418,47,0,
17,42217484,114,85,
17,42217504,67,47,
17,42217535,157,101,
17,42217596,17,3,
17,42218122,23,13,
17,42218184,152,72,
17,42218532,320,76,
17,42218728,26,2,
17,42218939,145,2,
17,42218941,42,7,
17,42218942,32,5,
17,42219024,86,41,
17,42219061,4,0,
17,42219070,15,1,
17,42219211,30,12,
17,42219234,12,13,
17,42219278,21,6,
17,42219353,9,2,
17,42219407,238,223,
17,42219411,86,36,
17,42219479,13,2,
17,42219501,8,1,
17,42219578,70,27,
17,42219627,49,62,
17,42219657,20,1,
17,42219708,109,157,
17,42219712,15,11,
17,42219749,11,1,
17,42219885,4,1,
17,42219890,154,36,
17,42219981,52,0,
17,42220078,131,40,
17,42220153,16,4,
17,42220155,477,125,17
17,42220186,8,0,
17,42220304,9,0,
17,42220329,7,2,
17,42220371,7,1,
17,42220413,4,0,
17,42220414,3,0,
17,42220561,29,15,
17,42220580,6,0,
17,42220598,73,12,
17,42220618,27,4,
17,42220638,4,0,
17,42220777,42,46,
17,42221152,6,0,
17,42221512,109,49,
17,42221623,346,473,
17,42221688,75,101,
17,42221719,6,0,
17,42221748,5,0,
17,42221756,54,77,
17,42221761,4,0,
17,42221937,357,393,
17,42221978,6,0,
17,42222007,80,27,
17,42222131,14,4,
17,42222138,108,12,
17,42222236,6,0,
17,42222249,7,1,
17,42222282,35,21,
17,42222387,60,13,
17,42222431,66,5,
17,42222717,148,43,
17,42222763,28,2,
17,42222773,16,6,
17,42223050,13,0,
17,42223061,10,0,
17,42223099,323,286,14
17,42223100,17,0,
17,42223196,10,15,
17,42223201,42,2,
17,42223251,5,0,
17,42223286,15,5,
17,42223458,5,0,
17,42223509,12,1,
17,42223631,6,0,
17,42223646,54,62,
17,42223650,10,5,
17,42223690,230,37,21
17,42223851,11,2,
17,42223905,91,64,
17,42223930,5,0,
17,42223944,20,0,
17,42224042,7,1,
17,42224113,15,1,
17,42224141,9,9,
17,42224178,9,0,
17,42224186,69,1,28
17,42224212,53,50,
17,42224264,65,35,
17,42224270,11,0,
17,42224306,52,49,
17,42224319,97,6,29
17,42224330,311,217,8
17,42224535,7,1,
17,42224611,7,0,
17,42224670,326,92,9
17,42224685,103,142,
17,42224719,103,3,
17,42224752,17,18,
17,42225029,5,0,
17,42225040,8,6,
17,42225056,19,1,
17,42225088,44,23,
17,42225099,84,28,26
17,42225260,49,69,
17,42225481,588,129,3
17,42225609,58,40,
17,42225628,8,0,
17,42225688,58,16,
17,42225791,6,1,
17,42225929,41,57,
17,42225971,55,18,24
17,42225977,4,2,
17,42226005,68,53,
17,42226075,29,18,
17,42226081,107,47,
17,42226156,3,0,
17,42226185,95,120,
17,42226247,8,0,
17,42226357,6,0,
17,42226423,15,1,
17,42226602,30,3,
17,42226833,4,0,
17,42226953,46,66,
17,42226964,20,3,
17,42227013,19,2,
17,42227118,6,6,
17,42227156,8,0,
17,42227193,5,0,
17,42227233,52,4,6
17,42227292,10,5,
17,42227464,5,0,
17,42227564,6,0,
17,42227645,11,7,
17,42227662,24,1,30
17,42227746,3,2,
17,42227843,7,0,
17,42228031,46,47,18
17,42228039,6,9,
17,42228091,40,5,11
17,42228138,23,12,8
17,42228146,6,0,
17,42228472,34,3,3
17,42228486,21,11,4
17,42228518,23,2,24
17,42228538,98,50,1
17,42228576,3,2,
17,42228610,9,0,28
17,42228658,5,0,
17,42228662,11,0,20
17,42228672,40,1,6
17,42228713,11,1,12
17,42228759,91,14,2
17,42228795,50,38,10
17,42228866,22,2,2
18,42156400,84,15,
18,42156430,119,13,
18,42156516,321,271,
18,42156680,190,83,
18,42156977,1108,380,
18,42157335,271,103,
18,42157558,465,181,
18,42157885,193,32,
18,42158130,356,171,
18,42158445,171,66,
18,42158451,26,4,
18,42159786,601,150,
18,42160013,54,23,
18,42160071,246,75,
18,42160647,265,33,
18,42160716,133,53,
18,42161223,163,41,
18,42161284,43,9,
18,42161664,167,120,
18,42161919,897,183,
18,42161987,38,2,
18,42162205,63,14,
18,42162271,136,27,
18,42162404,27,1,
18,42162529,38,2,
18,42162622,263,31,
18,42162654,60,4,
18,42162673,77,16,
18,42162751,123,82,
18,42162755,66,51,
18,42162878,211,88,
18,42163086,86,172,
18,42163302,73,76,
18,42163330,181,110,
18,42163396,20,3,
18,42163518,60,95,
18,42163569,37,0,
18,42163591,210,62,
18,42163872,59,13,
18,42163978,129,34,
18,42164071,27,4,
18,42164107,142,40,
18,42164141,221,201,
18,42164154,260,142,
18,42164196,16,1,
18,42164491,42,14,
18,42164637,67,1,
18,42164923,20,3,
18,42165057,362,189,
18,42165397,249,132,
18,42165517,45,7,
18,42165759,128,50,
18,42166085,24,4,
18,42166948,212,45,
18,42167388,29,7,
18,42167633,517,168,
18,42167749,284,300,
18,42167763,132,45,
18,42167809,77,11,
18,42168166,269,102,
18,42168423,158,758,
18,42168491,184,73,
18,42168503,207,137,
18,42168576,104,31,
18,42168652,242,386,
18,42168921,20,0,
18,42168997,187,156,
18,42169363,77,36,
18,42169594,45,13,
18,42169998,316,183,
18,42170281,83,30,
18,42170356,4,1,
18,42170423,79,8,
18,42170519,76,65,
18,42170552,279,208,
18,42170740,359,54,
18,42171043,176,32,
18,42171051,83,10,
18,42171096,164,31,
18,42171146,170,13,
18,42171164,408,267,
18,42171248,59,11,
18,42171311,169,64,
18,42171379,27,4,16
18,42171685,132,99,
18,42171693,163,96,
18,42172015,41,10,
18,42172034,63,17,
18,42172203,69,42,
18,42172281,271,365,
18,42172565,595,1030,
18,42172575,63,11,
18,42172705,81,168,
18,42172798,22,9,
18,42172857,66,13,
18,42173114,221,55,
18,42173119,288,60,
18,42173184,124,6,
18,42173233,294,120,
18,42173292,94,18,
18,42173538,40,15,21
18,42173960,115,107,
18,42174085,166,50,
18,42174105,109,41,
18,42174181,258,53,
18,42174204,584,315,
18,42174231,298,89,
18,42174703,133,87,
18,42174826,30,8,
18,42174829,453,119,
18,42175023,414,190,
18,42175316,268,401,
18,42175624,197,134,
18,42175821,41,4,
18,42175930,22,35,
18,42176051,30,4,
18,42176911,114,49,
18,42176940,17,8,
18,42177462,238,55,
18,42177619,495,993,
18,42177767,1229,1427,
18,42177984,118,98,
18,42178130,91,46,
18,42178606,11,0,
18,42178916,256,99,
18,42179176,63,55,
18,42179467,237,93,
18,42179541,104,31,
18,42179774,233,99,
18,42179850,68,38,17
18,42179969,26,9,
18,42180039,47,23,
18,42180516,34,0,
18,42180597,132,38,
18,42180872,151,25,
18,42181345,399,182,
18,42181529,193,30,
18,42181631,42,31,
18,42181803,78,3,
18,42181815,21,8,
18,42181841,84,28,
18,42182113,73,38,
18,42182146,175,109,
18,42182292,90,33,25
18,42182519,489,147,
18,42182557,57,9,
18,42182701,108,15,
18,42182784,125,43,
18,42182888,79,96,
18,42183079,67,12,
18,42183192,43,5,
18,42183471,9,0,
18,42183561,179,98,
18,42183747,143,64,15
18,42184968,81,25,
18,42185626,23,2,
18,42185668,315,115,
18,42185715,111,31,
18,42185842,220,50,
18,42186244,370,211,
18,42186467,31,5,
18,42187494,426,334,
18,42187506,324,225,
18,42187632,7,1,
18,42187640,114,46,
18,42187761,267,52,
18,42187766,222,71,
18,42187967,93,104,
18,42188043,50,12,
18,42188247,80,50,
18,42188407,172,76,
18,42188544,92,4,
18,42188687,269,424,
18,42188816,60,15,
18,42189253,41,8,
18,42189336,185,211,
18,42189342,16,10,
18,42189445,35,14,
18,42189491,7,0,13
18,42189744,53,51,
18,42189890,174,128,
18,42190065,402,102,
18,42190199,59,19,
18,42190205,54,17,
18,42190341,58,17,
18,42190418,47,31,
18,42190650,303,60,
18,42190984,6,1,
18,42191354,149,27,
18,42191394,572,711,
18,42191709,582,95,
18,42192237,56,56,
18,42192336,110,70,
18,42192972,198,218,
18,42193530,112,42,
18,42193663,51,18,
18,42193771,613,150,
18,42193793,96,40,
18,42193859,115,90,
18,42193885,61,35,
18,42194170,27,34,
18,42194239,23,1,
18,42194248,40,4,
18,42194315,148,54,
18,42194327,247,479,
18,42194355,79,146,
18,42194540,231,44,
18,42194587,145,69,
18,42195817,47,99,
18,42195895,696,452,
18,42195994,151,19,
18,42196037,104,68,
18,42196185,38,1,
18,42196226,58,4,
18,42196658,9,0,
18,42196794,170,62,
18,42196805,55,15,
18,42196841,159,50,
18,42197741,152,80,
18,42197754,276,151,
18,42197845,124,75,
18,42197953,18,0,
18,42198115,257,185,
18,42198278,30,11,
18,42198635,151,34,
18,42198662,19,2,
18,42198759,11,2,
18,42198954,157,28,
18,42198973,42,5,
18,42199112,106,64,
18,42199306,74,29,
18,42199447,365,441,
18,42199486,316,130,
18,42199527,112,108,
18,42199769,17,0,
18,42200014,108,13,
18,42200099,233,54,
18,42200209,640,377,
18,42200407,107,60,
18,42200699,390,278,
18,42200819,37,3,
18,42200929,25,5,
18,42201117,210,70,
18,42201732,11,6,
18,42201892,313,181,
18,42201936,181,19,
18,42202347,9,1,
18,42202397,354,324,
18,42202449,133,89,
18,42202670,466,320,
18,42202834,93,47,
18,42203434,48,0,
18,42203543,848,998,
18,42203635,163,111,
18,42203895,84,40,
18,42203990,151,59,
18,42204939,77,32,
18,42206556,531,246,
18,42206817,504,448,
18,42206955,186,31,
18,42206990,190,177,
18,42207002,128,32,
18,42207024,15,0,
18,42207044,16,15,
18,42207238,37,71,
18,42207282,108,22,
18,42207304,241,71,
18,42207756,27,6,
18,42207783,9,0,
18,42207893,46,15,
18,42208015,49,3,
18,42208383,564,97,
18,42208580,134,63,
18,42208648,13,0,
18,42208850,51,12,
18,42208952,61,10,
18,42208964,127,17,
18,42209159,22,4,
18,42209272,209,191,
18,42210006,13,0,
18,42210017,10,3,
18,42210022,66,38,
18,42210061,8,0,
18,42210242,37,2,
18,42210318,21,2,
18,42210528,151,121,
18,42210560,109,153,
18,42210583,62,16,
18,42210592,27,3,
18,42210605,68,48,
18,42210689,270,32,
18,42210728,51,33,
18,42210841,20,12,
18,42211188,75,70,
18,42211561,8,1,
18,42211616,93,93,
18,42211685,30,5,
18,42211820,15,1,
18,42211863,22,9,
18,42212071,236,64,
18,42212106,41,51,
18,42212107,3,0,
18,42212280,7,0,
18,42212412,107,25,
18,42212512,39,50,
18,42212543,82,19,
18,42212644,594,224,
18,42212700,108,46,
18,42212746,10,0,
18,42212785,75,55,
18,42212992,234,129,
18,42213178,96,40,
18,42213198,15,4,
18,42213264,8,1,
18,42213290,3,0,
18,42213322,143,23,
18,42213412,45,77,
18,42213583,11,0,
18,42213639,89,7,
18,42213663,388,237,
18,42213811,3,0,
18,42213902,49,5,
18,42213907,4,0,
18,42214143,6,1,
18,42214331,160,156,
18,42214712,8,0,
18,42214873,62,9,
18,42214880,136,30,
18,42215126,647,358,
18,42215410,77,15,
18,42215438,116,43,
18,42215552,583,181,
18,42215910,177,96,
18,42216217,30,8,
18,42216311,95,33,
18,42216346,3,0,
18,42216504,29,9,
18,42216694,78,80,
18,42217172,5,0,
18,42217199,50,0,
18,42217308,3,0,
18,42217418,47,0,
18,42217484,114,86,
18,42217504,68,47,
18,42217535,157,102,
18,42217596,17,3,
18,42218122,23,13,
18,42218184,152,72,
18,42218532,323,76,
18,42218728,26,2,
18,42218939,146,2,
18,42218941,42,7,
18,42218942,32,5,
18,42219024,87,41,
18,42219061,4,0,
18,42219070,15,1,
18,42219211,31,12,
18,42219234,12,13,
18,42219278,21,6,
18,42219353,9,2,
18,42219407,241,224,
18,42219411,86,36,
18,42219479,13,2,
18,42219501,8,1,
18,42219578,70,27,
18,42219627,51,69,
18,42219657,20,1,
18,42219708,109,157,
18,42219712,15,11,
18,42219749,11,1,
18,42219885,4,1,
18,42219890,154,36,
18,42219981,52,0,
18,42220078,131,40,
18,42220153,16,4,
18,42220155,479,126,
18,42220186,8,0,
18,42220304,11,0,
18,42220329,7,2,
18,42220371,7,1,
18,42220413,4,0,
18,42220414,3,0,
18,42220561,29,19,
18,42220580,6,0,
18,42220598,74,12,
18,42220618,27,4,
18,42220638,4,0,
18,42221152,6,0,
18,42221512,111,49,
18,42221623,346,477,
18,42221688,76,103,
18,42221719,6,0,
18,42221748,5,0,
18,42221756,54,77,
18,42221761,4,0,
18,42221937,358,393,
18,42221978,6,0,
18,42222007,83,27,
18,42222131,14,4,
18,42222138,110,12,
18,42222236,6,0,
18,42222249,7,1,
18,42222282,35,22,
18,42222387,63,13,
18,42222431,68,5,
18,42222717,151,44,
18,42222763,28,2,
18,42222773,16,6,
18,42223050,13,0,
18,42223061,10,0,
18,42223099,333,287,16
18,42223100,17,0,
18,42223196,10,15,
18,42223201,43,2,
18,42223251,5,0,
18,42223286,16,5,
18,42223458,5,0,
18,42223509,12,1,
18,42223631,8,0,
18,42223646,54,62,
18,42223650,10,5,
18,42223690,234,38,24
18,42223851,11,2,
18,42223905,92,64,
18,42223930,5,0,
18,42223944,20,0,
18,42224042,7,1,
18,42224113,15,1,
18,42224141,10,9,
18,42224178,9,0,
18,42224186,69,1,30
18,42224212,53,50,
18,42224264,66,36,
18,42224270,11,0,
18,42224306,53,51,
18,42224319,99,6,
18,42224330,314,226,11
18,42224535,7,1,
18,42224611,7,0,
18,42224670,334,93,12
18,42224685,104,142,
18,42224719,103,3,
18,42224752,17,18,
18,42225029,5,0,
18,42225040,8,7,
18,42225056,19,1,
18,42225088,46,28,
18,42225099,86,29,29
18,42225260,49,69,
18,42225481,611,141,6
18,42225609,60,41,
18,42225628,9,0,
18,42225688,60,19,
18,42225791,6,1,
18,42225929,41,57,
18,42225971,62,24,28
18,42225977,4,2,
18,42226005,69,55,
18,42226075,30,18,
18,42226081,108,49,
18,42226156,3,0,
18,42226185,95,123,
18,42226247,8,0,
18,42226357,6,0,
18,42226423,15,1,
18,42226602,30,3,
18,42226833,4,0,
18,42226953,48,68,
18,42226964,20,3,
18,42227013,20,2,
18,42227118,6,6,
18,42227156,9,0,
18,42227193,5,0,
18,42227233,59,5,9
18,42227292,13,9,
18,42227464,7,0,
18,42227564,9,0,
18,42227645,15,17,
18,42227662,25,1,
18,42227746,4,2,
18,42227843,7,0,
18,42227904,5,0,
18,42228031,46,48,
18,42228039,6,10,
18,42228091,45,7,22
18,42228138,45,52,10
18,42228146,23,0,10
18,42228257,6,2,
18,42228472,56,3,3
18,42228486,34,14,7
18,42228518,28,2,26
18,42228538,180,100,1
18,42228576,19,19,23
18,42228610,20,2,25
18,42228658,7,0,
18,42228662,16,0,20
18,42228672,61,5,7
18,42228713,14,1,13
18,42228729,7,3,
18,42228759,140,30,4
18,42228795,61,49,
18,42228799,7,0,
18,42228809,3,0,
18,42228814,4,3,
18,42228866,48,6,2
18,42228901,13,1,19
18,42228960,5,0,
18,42228994,4,0,
18,42229003,17,10,5
18,42229107,25,0,2
18,42229207,7,7,24
19,42156400,84,15,
19,42156516,321,271,
19,42156680,190,83,
19,42156977,1108,380,
19,42157335,271,103,
19,42157558,465,181,
19,42157885,193,32,
19,42158130,356,171,
19,42158445,171,66,
19,42158451,26,4,
19,42159786,601,150,
19,42160013,54,23,
19,42160071,246,75,
19,42160647,265,33,
19,42160716,133,53,
19,42161223,163,41,
19,42161284,43,9,
19,42161664,167,120,
19,42161919,897,183,
19,42161987,38,2,
19,42162205,63,14,
19,42162271,136,27,
19,42162404,27,1,
19,42162529,38,2,
19,42162622,263,31,
19,42162654,60,4,
19,42162673,77,16,
19,42162751,123,82,
19,42162755,66,51,
19,42162878,211,88,
19,42163086,86,172,
19,42163302,74,76,
19,42163330,181,110,
19,42163396,20,3,
19,42163518,61,95,
19,42163569,37,0,
19,42163591,210,62,
19,42163872,59,13,
19,42163978,129,34,
19,42164071,27,4,
19,42164107,142,40,
19,42164141,221,201,
19,42164154,260,142,
19,42164196,16,1,
19,42164491,42,14,
19,42164637,67,1,
19,42165057,362,189,
19,42165397,249,132,
19,42165517,45,7,
19,42165759,128,50,
19,42166085,24,4,
19,42166948,212,45,
19,42167388,29,7,
19,42167633,517,168,
19,42167749,284,300,
19,42167763,132,45,
19,42167809,77,11,
19,42168166,269,102,
19,42168423,158,758,
19,42168491,184,73,
19,42168503,207,137,
19,42168576,104,31,
19,42168652,242,386,
19,42168921,20,0,
19,42168997,187,156,
19,42169363,77,36,
19,42169594,45,13,
19,42169998,316,183,
19,42170281,83,30,
19,42170423,79,8,
19,42170519,76,65,
19,42170552,279,208,
19,42170740,359,54,
19,42171043,176,32,
19,42171051,83,10,
19,42171096,164,31,
19,42171146,171,13,
19,42171164,408,267,
19,42171248,60,11,
19,42171311,169,64,
19,42171379,33,5,16
19,42171685,132,99,
19,42171693,166,96,
19,42172015,41,10,
19,42172034,63,18,
19,42172203,72,43,
19,42172281,271,365,
19,42172565,595,1030,
19,42172575,64,12,
19,42172705,81,168,
19,42172798,22,9,
19,42172857,66,13,
19,42173114,221,55,
19,42173119,288,60,
19,42173184,124,6,
19,42173233,294,120,
19,42173292,94,18,
19,42173538,43,20,23
19,42173960,115,107,
19,42174085,166,50,
19,42174105,109,41,
19,42174181,258,53,
19,42174204,584,315,
19,42174231,298,89,
19,42174703,133,87,
19,42174826,30,8,
19,42174829,453,119,
19,42175023,414,190,
19,42175316,268,401,
19,42175624,197,134,
19,42175821,41,4,
19,42175930,22,35,
19,42176051,30,4,
19,42176911,114,49,
19,42176940,17,8,
19,42177462,238,55,
19,42177619,496,994,
19,42177767,1230,1428,
19,42177984,118,99,
19,42178130,91,46,
19,42178606,11,0,
19,42178916,256,99,
19,42179176,63,55,
19,42179467,237,93,
19,42179541,104,31,
19,42179774,234,99,
19,42179850,70,45,21
19,42179969,26,9,
19,42180039,47,23,
19,42180516,34,0,
19,42180597,132,38,
19,42180872,151,25,
19,42181345,399,182,
19,42181529,193,31,
19,42181631,42,31,
19,42181803,78,3,
19,42181815,21,8,
19,42181841,84,28,
19,42182113,73,38,
19,42182146,175,109,
19,42182292,92,34,25
19,42182519,489,147,
19,42182557,58,9,
19,42182701,108,15,
19,42182784,126,43,
19,42182888,80,96,
19,42183079,68,12,
19,42183192,43,5,
19,42183471,9,0,
19,42183561,179,98,
19,42183747,153,70,17
19,42184968,81,25,
19,42185626,23,2,
19,42185668,315,115,
19,42185715,111,31,
19,42185842,220,50,
19,42186244,371,213,
19,42186467,31,5,
19,42187494,426,334,
19,42187506,324,225,
19,42187632,7,1,
19,42187640,114,46,
19,42187761,267,52,
19,42187766,222,71,
19,42187967,93,104,
19,42188043,50,12,
19,42188247,80,50,
19,42188407,172,76,
19,42188544,92,4,
19,42188687,270,424,
19,42188816,60,15,
19,42189253,41,8,
19,42189336,185,211,
19,42189342,16,10,
19,42189445,35,14,
19,42189491,8,1,15
19,42189744,53,51,
19,42189890,174,128,
19,42190065,402,102,
19,42190199,59,19,
19,42190205,54,17,
19,42190341,58,17,
19,42190418,47,31,
19,42190650,303,60,
19,42190984,6,1,
19,42191354,149,27,
19,42191394,572,711,
19,42191709,582,95,
19,42192237,56,56,
19,42192336,110,70,
19,42192972,198,218,
19,42193530,112,42,
19,42193663,52,18,
19,42193771,613,150,
19,42193793,96,40,
19,42193859,116,90,
19,42193885,61,35,
19,42194170,27,34,
19,42194239,23,1,
19,42194248,40,4,
19,42194315,148,54,
19,42194327,248,479,
19,42194355,79,146,
19,42194540,231,44,
19,42194587,145,69,
19,42195817,47,99,
19,42195895,696,452,
19,42195994,151,19,
19,42196037,104,68,
19,42196185,38,1,
19,42196226,58,4,
19,42196658,9,0,
19,42196794,170,62,
19,42196805,55,15,
19,42196841,159,50,
19,42197741,153,80,
19,42197754,276,151,
19,42197845,124,75,
19,42197953,18,0,
19,42198115,257,185,
19,42198278,30,11,
19,42198635,151,34,
19,42198662,19,2,
19,42198759,11,2,
19,42198954,157,28,
19,42198973,42,5,
19,42199112,106,64,
19,42199306,74,29,
19,42199447,366,441,
19,42199486,316,130,
19,42199527,112,108,
19,42199769,17,0,
19,42200099,233,54,
19,42200209,641,378,
19,42200407,107,60,
19,42200699,390,278,
19,42200819,37,3,
19,42200929,25,5,
19,42201117,210,70,
19,42201732,11,6,
19,42201892,313,181,
19,42201936,181,19,
19,42202347,9,1,
19,42202397,354,324,
19,42202449,133,89,
19,42202670,466,320,
19,42202834,93,47,
19,42203434,48,0,
19,42203543,848,999,
19,42203635,163,111,
19,42203895,84,40,
19,42203990,151,59,
19,42204939,77,32,
19,42206556,531,246,
19,42206817,504,449,
19,42206955,186,31,
19,42206990,190,177,
19,42207002,129,32,
19,42207024,15,0,
19,42207044,16,15,
19,42207238,37,71,
19,42207282,108,22,
19,42207304,241,71,
19,42207756,27,6,
19,42207783,9,0,
19,42207893,46,15,
19,42208015,49,3,
19,42208383,564,97,
19,42208580,134,63,
19,42208648,13,0,
19,42208850,51,12,
19,42208952,61,10,
19,42208964,127,17,
19,42209159,23,4,
19,42209272,209,191,
19,42210017,10,3,
19,42210061,8,0,
19,42210242,37,2,
19,42210318,21,2,
19,42210528,151,122,
19,42210560,109,153,
19,42210583,62,16,
19,42210592,27,3,
19,42210605,68,48,
19,42210689,270,32,
19,42210728,51,33,
19,42210841,20,12,
19,42211188,75,70,
19,42211561,9,1,
19,42211616,94,93,
19,42211685,30,5,
19,42211820,15,1,
19,42211863,22,9,
19,42212071,236,65,
19,42212106,41,54,
19,42212107,3,0,
19,42212280,7,0,
19,42212412,107,25,
19,42212512,39,50,
19,42212543,82,19,
19,42212644,594,224,
19,42212700,108,46,
19,42212746,10,0,
19,42212785,75,55,
19,42212992,234,129,
19,42213178,96,40,
19,42213198,15,4,
19,42213264,8,1,
19,42213290,3,0,
19,42213322,143,23,
19,42213412,45,77,
19,42213583,11,0,
19,42213639,89,7,
19,42213663,388,237,
19,42213811,3,0,
19,42213902,49,6,
19,42213907,4,0,
19,42214143,17,5,7
19,42214331,160,156,
19,42214712,8,0,
19,42214873,63,9,
19,42214880,136,30,
19,42215126,647,358,
19,42215410,78,15,
19,42215438,116,43,
19,42215552,583,181,
19,42215910,177,96,
19,42216217,30,8,
19,42216311,95,33,
19,42216346,3,0,
19,42216504,29,9,
19,42216694,78,80,
19,42217172,5,0,
19,42217199,50,0,
19,42217308,3,0,
19,42217418,47,0,
19,42217484,114,86,
19,42217504,68,47,
19,42217535,157,102,
19,42217596,17,3,
19,42218122,23,13,
19,42218184,152,73,
19,42218532,323,76,
19,42218728,26,2,
19,42218939,146,2,
19,42218941,42,7,
19,42218942,34,5,
19,42219024,87,41,
19,42219070,15,1,
19,42219123,12,0,
19,42219234,12,13,
19,42219278,21,6,
19,42219353,9,2,
19,42219407,241,225,
19,42219411,86,36,
19,42219479,13,2,
19,42219501,8,1,
19,42219578,72,27,
19,42219627,52,69,
19,42219657,20,1,
19,42219708,109,157,
19,42219712,15,11,
19,42219749,11,1,
19,42219885,4,1,
19,42219890,155,36,
19,42219981,53,0,
19,42220078,132,40,
19,42220153,16,4,
19,42220155,479,126,
19,42220186,8,0,
19,42220304,12,0,
19,42220329,7,2,
19,42220371,7,1,
19,42220413,4,0,
19,42220414,3,0,
19,42220561,30,19,
19,42220580,6,0,
19,42220598,74,12,
19,42220618,27,4,
19,42220638,4,0,
19,42221152,6,0,
19,42221512,111,49,
19,42221688,79,115,
19,42221719,6,0,
19,42221748,5,0,
19,42221756,55,77,
19,42221761,4,0,
19,42221937,358,394,
19,42221978,6,0,
19,42222007,84,28,
19,42222131,14,4,
19,42222138,111,12,
19,42222236,6,0,
19,42222249,7,1,
19,42222282,35,22,
19,42222387,63,13,
19,42222431,68,5,
19,42222717,153,44,
19,42222763,28,2,
19,42222773,16,7,
19,42223050,13,0,
19,42223061,10,0,
19,42223099,342,291,19
19,42223196,10,15,
19,42223201,43,2,
19,42223251,5,0,
19,42223286,16,5,
19,42223458,5,0,
19,42223509,12,1,
19,42223631,8,0,
19,42223646,54,63,
19,42223650,10,5,
19,42223690,238,40,24
19,42223851,11,2,
19,42223905,92,64,
19,42223930,5,0,
19,42223944,21,0,
19,42224042,7,1,
19,42224113,16,1,
19,42224141,11,12,
19,42224178,10,0,
19,42224186,70,1,
19,42224212,54,51,
19,42224264,67,37,
19,42224270,11,0,
19,42224306,53,52,
19,42224319,101,6,
19,42224330,316,233,13
19,42224492,6,0,
19,42224535,7,3,
19,42224611,7,0,
19,42224670,338,94,14
19,42224685,104,143,
19,42224719,104,3,
19,42224752,17,19,
19,42225029,5,0,
19,42225040,8,7,
19,42225056,19,1,
19,42225088,46,30,
19,42225099,89,30,30
19,42225481,622,146,8
19,42225609,60,41,
19,42225628,10,0,
19,42225688,61,19,
19,42225929,42,57,
19,42225971,63,26,29
19,42225977,4,2,
19,42226005,73,56,
19,42226075,30,19,
19,42226081,108,50,
19,42226156,3,0,
19,42226185,95,124,
19,42226247,9,0,
19,42226357,6,0,
19,42226423,15,2,
19,42226602,31,3,
19,42226833,4,0,
19,42226953,49,68,
19,42226964,20,3,
19,42227013,20,2,
19,42227118,6,6,
19,42227156,10,0,
19,42227193,5,0,
19,42227233,65,9,12
19,42227292,15,10,
19,42227464,7,0,
19,42227564,13,0,
19,42227645,16,24,
19,42227662,26,1,
19,42227746,5,2,
19,42227843,7,0,
19,42227904,8,0,
19,42228031,46,49,
19,42228039,6,10,
19,42228091,49,7,26
19,42228138,46,57,
19,42228146,34,3,11
19,42228257,12,5,
19,42228472,78,3,4
19,42228486,40,22,7
19,42228518,31,3,
19,42228538,235,140,1
19,42228576,23,26,
19,42228610,27,7,26
19,42228658,10,0,
19,42228662,23,2,22
19,42228672,79,8,10
19,42228713,13,1,
19,42228729,14,3,
19,42228759,186,46,6
19,42228795,64,50,
19,42228799,9,1,
19,42228809,3,0,
19,42228814,9,4,
19,42228866,67,10,2
19,42228901,29,4,20
19,42228960,7,1,
19,42228994,5,0,
19,42229003,34,33,4
19,42229107,35,5,2
19,42229207,27,26,14
19,42229299,31,6,4
19,42229418,5,2,
19,42229557,9,4,25
19,42229665,9,1,
20,42156400,84,15,
20,42156516,321,271,
20,42156977,1108,380,
20,42157335,271,103,
20,42157558,465,181,
20,42157885,193,32,
20,42158130,356,171,
20,42158445,171,66,
20,42158451,26,4,
20,42159786,601,150,
20,42160013,54,23,
20,42160071,246,75,
20,42160647,265,33,
20,42161223,163,41,
20,42161284,43,9,
20,42161664,167,120,
20,42161919,897,183,
20,42161987,38,2,
20,42162205,63,14,
20,42162271,136,27,
20,42162404,27,1,
20,42162529,38,2,
20,42162622,263,31,
20,42162654,60,4,
20,42162673,77,16,
20,42162751,123,82,
20,42162755,66,51,
20,42162878,211,88,
20,42163086,86,172,
20,42163302,74,76,
20,42163330,181,110,
20,42163569,37,0,
20,42163591,210,62,
20,42163872,59,13,
20,42163978,129,34,
20,42164071,27,4,
20,42164107,142,40,
20,42164141,221,201,
20,42164154,260,142,
20,42164196,16,1,
20,42164491,42,14,
20,42164637,67,1,
20,42165057,362,189,
20,42165397,249,132,
20,42165517,45,7,
20,42165759,128,50,
20,42166948,212,45,
20,42167388,29,7,
20,42167633,517,168,
20,42167749,284,300,
20,42167763,132,45,
20,42167809,77,11,
20,42168166,269,102,
20,42168423,158,758,
20,42168491,184,73,
20,42168503,207,137,
20,42168576,104,31,
20,42168652,242,386,
20,42168921,20,0,
20,42168997,187,156,
20,42169363,77,36,
20,42169594,45,13,
20,42169998,316,183,
20,42170281,83,30,
20,42170423,79,8,
20,42170519,76,65,
20,42170552,279,208,
20,42170740,359,54,
20,42171043,176,32,
20,42171051,83,10,
20,42171096,165,31,
20,42171146,172,13,
20,42171164,408,267,
20,42171248,60,11,
20,42171311,169,64,
20,42171379,39,6,18
20,42171685,132,99,
20,42171693,166,96,
20,42172015,41,10,
20,42172034,63,18,
20,42172203,72,44,
20,42172281,271,365,
20,42172565,596,1030,
20,42172575,64,14,
20,42172705,81,168,
20,42172798,22,9,
20,42172857,66,13,
20,42173114,221,55,
20,42173119,288,60,
20,42173184,124,6,
20,42173233,294,120,
20,42173292,94,18,
20,42173538,45,21,26
20,42173960,115,107,
20,42174085,166,50,
20,42174105,109,41,
20,42174181,258,53,
20,42174204,584,315,
20,42174231,298,89,
20,42174703,133,87,
20,42174826,30,8,
20,42174829,453,119,
20,42175023,414,190,
20,42175316,268,401,
20,42175624,197,134,
20,42175821,41,4,
20,42175930,22,35,
20,42176051,30,4,
20,42176911,114,49,
20,42176940,17,8,
20,42177462,238,55,
20,42177619,496,994,
20,42177767,1230,1429,
20,42177984,118,99,
20,42178130,92,46,
20,42178916,256,99,
20,42179176,63,55,
20,42179467,237,93,
20,42179541,104,31,
20,42179774,234,99,
20,42179850,70,46,26
20,42179969,26,9,
20,42180039,47,23,
20,42180516,34,0,
20,42180597,132,38,
20,42180872,151,25,
20,42181345,399,182,
20,42181529,194,31,
20,42181631,42,31,
20,42181803,78,3,
20,42181815,23,8,
20,42181841,84,28,
20,42182113,73,38,
20,42182146,175,109,
20,42182292,93,34,
20,42182519,489,147,
20,42182557,58,9,
20,42182701,108,15,
20,42182784,126,43,
20,42182888,80,96,
20,42183079,68,12,
20,42183192,43,5,
20,42183471,9,0,
20,42183561,179,98,
20,42183747,159,75,21
20,42184968,81,25,
20,42185626,23,2,
20,42185668,315,115,
20,42185715,111,31,
20,42185842,220,50,
20,42186244,371,213,
20,42186467,31,5,
20,42187494,426,334,
20,42187506,324,225,
20,42187632,7,1,
20,42187640,114,46,
20,42187761,267,52,
20,42187766,222,71,
20,42187967,93,104,
20,42188043,50,12,
20,42188247,80,50,
20,42188407,172,76,
20,42188544,92,4,
20,42188687,270,424,
20,42188816,60,15,
20,42189253,41,8,
20,42189336,185,212,
20,42189342,16,10,
20,42189445,35,14,
20,42189491,11,1,19
20,42189744,53,51,
20,42189890,174,128,
20,42190065,402,102,
20,42190199,59,19,
20,42190205,54,17,
20,42190341,58,17,
20,42190418,47,31,
20,42190650,304,60,
20,42190984,6,1,
20,42191354,149,27,
20,42191394,572,711,
20,42191709,582,95,
20,42192237,56,56,
20,42192336,110,70,
20,42192972,198,218,
20,42193530,112,42,
20,42193663,52,18,
20,42193771,613,150,
20,42193793,96,40,
20,42193859,116,90,
20,42193885,61,35,
20,42194170,27,34,
20,42194239,23,1,
20,42194248,40,4,
20,42194315,148,54,
20,42194327,248,479,
20,42194355,79,146,
20,42194540,231,44,
20,42194587,145,69,
20,42195817,47,99,
20,42195895,696,452,
20,42195994,151,19,
20,42196037,104,68,
20,42196185,38,1,
20,42196226,58,4,
20,42196658,9,0,
20,42196794,171,62,
20,42196805,55,15,
20,42196841,159,50,
20,42197741,153,80,
20,42197754,276,151,
20,42197845,124,75,
20,42197953,18,0,
20,42198115,257,185,
20,42198278,30,11,
20,42198635,151,34,
20,42198662,19,2,
20,42198759,11,2,
20,42198954,157,28,
20,42198973,42,5,
20,42199112,106,64,
20,42199306,75,29,
20,42199447,366,441,
20,42199486,316,130,
20,42199527,112,108,
20,42199769,17,0,
20,42200099,233,54,
20,42200209,642,378,
20,42200407,107,60,
20,42200699,390,278,
20,42200819,37,3,
20,42200929,25,5,
20,42201117,210,70,
20,42201732,11,6,
20,42201892,313,181,
20,42201936,181,19,
20,42202347,9,1,
20,42202397,354,324,
20,42202449,133,89,
20,42202670,466,321,
20,42202834,93,47,
20,42203434,48,0,
20,42203543,848,999,
20,42203635,163,111,
20,42203895,84,40,
20,42203990,151,59,
20,42204939,78,32,
20,42206556,531,246,
20,42206817,504,449,
20,42206955,186,31,
20,42206990,190,177,
20,42207002,129,32,
20,42207238,37,71,
20,42207282,108,22,
20,42207304,241,71,
20,42207756,27,6,
20,42207783,9,0,
20,42207893,46,15,
20,42208015,49,3,
20,42208383,564,97,
20,42208580,134,64,
20,42208648,13,0,
20,42208850,51,12,
20,42208952,61,10,
20,42208964,127,17,
20,42209159,23,4,
20,42209272,209,191,
20,42210017,10,3,
20,42210061,8,0,
20,42210242,37,2,
20,42210318,21,2,
20,42210528,151,122,
20,42210560,109,153,
20,42210583,62,16,
20,42210592,27,3,
20,42210605,68,48,
20,42210689,270,32,
20,42210728,51,33,
20,42210841,20,12,
20,42211188,75,70,
20,42211561,9,1,
20,42211616,94,93,
20,42211685,30,5,
20,42211820,15,1,
20,42211863,22,9,
20,42212071,236,65,
20,42212106,41,54,
20,42212107,3,0,
20,42212280,7,0,
20,42212412,107,25,
20,42212512,39,50,
20,42212543,82,20,
20,42212644,594,224,
20,42212700,108,46,
20,42212746,10,0,
20,42212785,75,55,
20,42212992,234,129,
20,42213178,96,40,
20,42213198,15,4,
20,42213264,8,1,
20,42213290,3,0,
20,42213322,143,23,
20,42213412,45,77,
20,42213583,11,0,
20,42213639,89,7,
20,42213663,388,237,
20,42213811,3,0,
20,42213902,49,6,
20,42213907,4,0,
20,42214143,28,11,5
20,42214331,160,156,
20,42214712,8,0,
20,42214873,63,9,
20,42214880,136,30,
20,42215126,647,359,
20,42215410,78,15,
20,42215438,116,43,
20,42215552,583,181,
20,42215910,177,96,
20,42216217,30,8,
20,42216311,95,33,
20,42216346,3,0,
20,42216504,29,9,
20,42216694,78,80,
20,42217172,5,0,
20,42217199,50,0,
20,42217308,3,0,
20,42217418,48,0,
20,42217484,114,87,
20,42217504,68,47,
20,42217535,157,102,
20,42217596,17,3,
20,42217617,3,0,
20,42218122,23,13,
20,42218130,6,0,
20,42218184,152,74,
20,42218532,326,76,
20,42218728,26,2,
20,42218939,146,2,
20,42218941,42,7,
20,42218942,34,5,
20,42219024,87,41,
20,42219070,15,1,
20,42219123,23,3,25
20,42219234,12,13,
20,42219278,21,6,
20,42219353,9,2,
20,42219407,242,226,
20,42219411,86,36,
20,42219479,13,2,
20,42219501,8,1,
20,42219578,72,27,
20,42219627,54,70,
20,42219657,20,1,
20,42219708,109,157,
20,42219712,15,11,
20,42219749,11,1,
20,42219885,4,1,
20,42219890,155,36,
20,42219981,53,0,
20,42220078,132,40,
20,42220153,16,4,
20,42220155,479,126,
20,42220186,8,0,
20,42220304,12,0,
20,42220329,7,2,
20,42220371,7,1,
20,42220413,4,0,
20,42220414,3,0,
20,42220561,31,19,
20,42220580,6,0,
20,42220598,74,12,
20,42220618,27,4,
20,42220638,4,0,
20,42221152,6,0,
20,42221512,112,50,
20,42221688,82,167,
20,42221719,6,0,
20,42221748,5,0,
20,42221756,55,77,
20,42221761,4,0,
20,42221937,359,394,
20,42221978,6,0,
20,42222007,87,31,
20,42222131,14,4,
20,42222138,112,12,
20,42222236,6,0,
20,42222249,7,1,
20,42222282,35,22,
20,42222387,63,13,
20,42222431,69,5,
20,42222670,4,2,
20,42222717,156,44,
20,42222763,28,2,
20,42222773,16,7,
20,42223050,13,0,
20,42223061,10,0,
20,42223099,346,298,24
20,42223196,10,15,
20,42223201,43,2,
20,42223251,5,0,
20,42223286,16,5,
20,42223327,3,0,
20,42223458,5,0,
20,42223509,12,1,
20,42223631,8,0,
20,42223650,10,5,
20,42223690,241,43,30
20,42223752,3,0,
20,42223851,11,2,
20,42223905,93,66,
20,42223930,5,0,
20,42223944,21,0,
20,42224042,7,1,
20,42224113,16,1,
20,42224141,11,12,
20,42224178,10,0,
20,42224186,71,1,
20,42224212,54,51,
20,42224264,67,37,
20,42224270,11,0,
20,42224306,54,52,
20,42224319,101,6,
20,42224330,324,234,16
20,42224492,6,0,
20,42224535,7,3,
20,42224611,7,0,
20,42224670,345,94,17
20,42224685,104,144,
20,42224719,105,3,
20,42224752,18,20,
20,42225029,5,0,
20,42225040,8,7,
20,42225056,19,1,
20,42225088,46,33,
20,42225099,89,30,
20,42225481,639,153,8
20,42225609,61,43,18
20,42225628,11,0,
20,42225688,62,19,
20,42225929,42,57,
20,42225971,65,27,
20,42225977,4,2,
20,42226005,77,62,16
20,42226075,30,19,
20,42226081,108,50,
20,42226156,4,0,
20,42226185,100,127,23
20,42226247,9,0,
20,42226357,6,0,
20,42226423,16,4,
20,42226602,31,3,
20,42226833,4,0,
20,42226953,63,74,8
20,42226964,20,4,
20,42227013,20,2,
20,42227118,6,6,
20,42227156,10,0,
20,42227193,5,0,
20,42227233,69,12,15
20,42227292,17,10,
20,42227464,7,0,
20,42227564,14,0,
20,42227645,18,26,
20,42227662,27,1,
20,42227746,5,3,
20,42227843,7,0,
20,42227904,8,0,
20,42228031,46,49,
20,42228039,6,10,
20,42228091,53,8,
20,42228138,65,87,10
20,42228146,45,7,11
20,42228257,15,6,
20,42228472,97,4,4
20,42228486,55,25,9
20,42228518,32,4,
20,42228538,261,156,13
20,42228576,24,28,
20,42228610,31,11,28
20,42228658,11,0,
20,42228662,26,2,29
20,42228672,83,9,12
20,42228713,13,1,
20,42228729,19,3,
20,42228759,220,54,7
20,42228795,82,71,22
20,42228799,10,2,
20,42228809,3,0,
20,42228814,13,5,
20,42228866,92,21,1
20,42228901,38,19,23
20,42228960,10,1,
20,42228994,5,0,
20,42229003,55,47,5
20,42229107,47,15,2
20,42229207,36,42,14
20,42229212,9,1,17
20,42229299,72,13,2
20,42229418,8,4,
20,42229557,17,5,27
20,42229665,10,1,
20,42229825,13,7,3
20,42230103,25,9,1
21,42156400,84,15,
21,42156516,321,271,
21,42156977,1108,380,
21,42157335,271,103,
21,42157558,465,181,
21,42157885,193,32,
21,42158130,356,171,
21,42158445,171,66,
21,42158451,26,4,
21,42159786,601,150,
21,42160013,54,23,
21,42160071,246,75,
21,42160647,265,33,
21,42161223,163,41,
21,42161284,43,9,
21,42161664,167,120,
21,42161919,897,183,
21,42161987,38,2,
21,42162205,63,14,
21,42162271,136,27,
21,42162404,27,1,
21,42162529,38,2,
21,42162622,263,31,
21,42162654,61,4,
21,42162673,77,16,
21,42162751,123,82,
21,42162755,66,51,
21,42162878,211,88,
21,42163086,86,172,
21,42163302,74,76,
21,42163330,182,110,
21,42163569,37,0,
21,42163591,211,62,
21,42163872,59,13,
21,42163978,129,34,
21,42164071,28,4,
21,42164107,143,40,
21,42164141,221,201,
21,42164154,260,142,
21,42164196,16,1,
21,42164491,42,14,
21,42164637,67,1,
21,42165057,362,189,
21,42165397,249,132,
21,42165517,45,7,
21,42165759,128,50,
21,42166948,212,45,
21,42167388,30,7,
21,42167633,517,168,
21,42167749,284,300,
21,42167763,132,45,
21,42167809,77,11,
21,42168166,270,102,
21,42168423,158,758,
21,42168491,185,73,
21,42168503,207,137,
21,42168576,104,31,
21,42168652,242,386,
21,42168921,20,0,
21,42168997,187,156,
21,42169363,77,36,
21,42169594,45,13,
21,42169998,316,183,
21,42170281,83,30,
21,42170423,79,8,
21,42170519,76,65,
21,42170552,279,208,
21,42170740,359,54,
21,42171043,177,32,
21,42171051,83,10,
21,42171096,165,31,
21,42171146,172,13,
21,42171164,408,267,
21,42171248,60,11,
21,42171311,169,64,
21,42171379,46,6,24
21,42171685,132,100,
21,42171693,166,96,
21,42172015,41,10,
21,42172034,63,18,
21,42172203,114,48,19
21,42172281,271,365,
21,42172565,596,1030,
21,42172575,65,14,
21,42172705,82,168,
21,42172798,23,9,
21,42172857,66,13,
21,42173114,221,55,
21,42173119,289,60,
21,42173184,124,6,
21,42173233,294,120,
21,42173292,94,18,
21,42173538,49,23,
21,42173960,116,107,
21,42174085,166,50,
21,42174105,109,41,
21,42174181,258,53,
21,42174204,585,315,
21,42174231,298,89,
21,42174703,133,87,
21,42174826,31,8,
21,42174829,453,119,
21,42175023,414,190,
21,42175316,269,401,
21,42175624,197,134,
21,42175821,43,4,
21,42175930,22,35,
21,42176051,30,4,
21,42176911,114,49,
21,42176940,17,8,
21,42177462,238,55,
21,42177619,496,994,
21,42177767,1231,1429,
21,42177984,118,99,
21,42178130,92,46,
21,42178916,256,99,
21,42179176,64,55,
21,42179467,237,93,
21,42179541,105,31,
21,42179774,234,99,
21,42179850,74,46,28
21,42179969,27,9,
21,42180039,47,23,
21,42180516,34,0,
21,42180597,132,38,
21,42180872,151,25,
21,42181345,399,182,
21,42181529,194,31,
21,42181631,43,31,
21,42181803,78,3,
21,42181815,24,8,
21,42181841,84,28,
21,42182113,73,38,
21,42182146,176,109,
21,42182292,96,34,
21,42182519,489,147,
21,42182557,58,9,
21,42182701,108,15,
21,42182784,126,43,
21,42182888,81,97,
21,42183079,68,12,
21,42183192,43,5,
21,42183561,179,98,
21,42183747,166,79,30
21,42184968,81,25,
21,42185626,23,2,
21,42185668,315,115,
21,42185715,111,31,
21,42185842,220,50,
21,42186244,373,213,
21,42186467,32,5,
21,42187494,427,337,
21,42187506,324,225,
21,42187632,7,1,
21,42187640,114,46,
21,42187761,268,52,
21,42187766,222,71,
21,42187967,93,104,
21,42188043,51,12,
21,42188247,80,50,
21,42188407,173,76,
21,42188544,92,4,
21,42188687,270,424,
21,42188816,60,15,
21,42189253,41,8,
21,42189336,185,213,
21,42189445,36,14,
21,42189491,11,1,
21,42189744,54,51,
21,42189890,175,128,
21,42190065,403,102,
21,42190199,59,19,
21,42190205,54,17,
21,42190418,47,31,
21,42190650,304,60,
21,42190984,6,1,
21,42191354,149,27,
21,42191394,572,711,
21,42191709,583,95,
21,42192237,57,56,
21,42192336,110,70,
21,42192972,198,218,
21,42193530,112,42,
21,42193663,52,18,
21,42193771,613,150,
21,42193793,96,40,
21,42193859,116,90,
21,42193885,61,35,
21,42194170,27,34,
21,42194239,23,1,
21,42194248,41,4,
21,42194315,149,54,
21,42194327,248,479,
21,42194355,79,146,
21,42194540,231,44,
21,42194587,145,69,
21,42195817,47,99,
21,42195895,697,453,
21,42195994,151,19,
21,42196037,104,68,
21,42196185,38,1,
21,42196226,58,4,
21,42196658,9,0,
21,42196794,171,62,
21,42196805,55,15,
21,42196841,159,50,
21,42197741,153,80,
21,42197754,276,151,
21,42197845,124,75,
21,42197953,19,0,
21,42198115,257,185,
21,42198635,152,34,
21,42198662,19,2,
21,42198759,12,2,
21,42198954,157,28,
21,42198973,42,5,
21,42199112,106,64,
21,42199306,75,29,
21,42199447,366,441,
21,42199486,316,130,
21,42199527,112,108,
21,42199769,18,0,
21,42200099,233,54,
21,42200209,642,379,
21,42200407,107,60,
21,42200699,390,278,
21,42200819,38,3,
21,42200929,25,5,
21,42201117,210,70,
21,42201732,12,6,
21,42201892,313,181,
21,42201936,181,19,
21,42202347,10,1,
21,42202397,354,324,
21,42202449,133,89,
21,42202670,467,321,
21,42202834,93,47,
21,42203434,48,0,
21,42203543,848,1000,
21,42203635,163,111,
21,42203895,84,40,
21,42203990,151,59,
21,42204939,78,32,
21,42206556,531,246,
21,42206817,504,449,
21,42206955,186,31,
21,42206990,190,178,
21,42207002,130,32,
21,42207238,37,71,
21,42207282,108,22,
21,42207304,241,71,
21,42207756,27,6,
21,42207783,9,0,
21,42207893,46,15,
21,42208015,49,3,
21,42208383,564,97,
21,42208580,134,64,
21,42208648,13,0,
21,42208850,51,12,
21,42208952,61,10,
21,42208964,127,17,
21,42209159,23,4,
21,42209272,209,191,
21,42210017,10,3,
21,42210061,9,0,
21,42210242,37,2,
21,42210318,21,2,
21,42210528,151,122,
21,42210560,109,153,
21,42210583,62,16,
21,42210592,27,3,
21,42210605,68,48,
21,42210689,270,32,
21,42210728,51,33,
21,42210841,21,12,
21,42211188,75,70,
21,42211561,23,8,10
21,42211616,94,94,
21,42211685,30,5,
21,42211820,15,1,
21,42211863,22,9,
21,42212071,237,65,
21,42212106,41,55,
21,42212107,3,0,
21,42212280,7,0,
21,42212412,107,25,
21,42212512,39,50,
21,42212543,83,21,
21,42212644,594,224,
21,42212700,109,46,
21,42212746,10,0,
21,42212785,75,55,
21,42212992,234,129,
21,42213178,96,40,
21,42213198,15,4,
21,42213264,8,1,
21,42213290,4,0,
21,42213322,143,23,
21,42213412,45,77,
21,42213639,89,7,
21,42213663,388,237,
21,42213811,4,0,
21,42213902,49,6,
21,42213907,4,0,
21,42214113,4,0,
21,42214143,40,15,6
21,42214331,160,156,
21,42214873,64,9,
21,42214880,137,30,
21,42215126,647,359,
21,42215410,78,15,
21,42215438,116,43,
21,42215552,583,181,
21,42215910,177,96,
21,42216217,30,8,
21,42216311,95,33,
21,42216346,4,0,
21,42216504,29,9,
21,42216694,79,80,
21,42217172,6,0,
21,42217199,50,0,
21,42217308,3,0,
21,42217418,48,0,
21,42217484,114,87,
21,42217504,68,47,
21,42217535,157,102,
21,42217596,17,3,
21,42217617,3,0,
21,42218130,7,0,
21,42218184,152,78,
21,42218532,326,77,
21,42218728,26,2,
21,42218939,146,2,
21,42218941,42,7,
21,42218942,35,5,
21,42219024,87,41,
21,42219061,5,0,
21,42219070,15,1,
21,42219123,27,4,
21,42219234,13,13,
21,42219278,23,6,
21,42219353,9,2,
21,42219407,243,228,
21,42219411,86,36,
21,42219479,13,2,
21,42219501,8,1,
21,42219578,72,27,
21,42219627,54,72,
21,42219657,20,1,
21,42219708,110,157,
21,42219712,15,11,
21,42219749,11,1,
21,42219885,5,1,
21,42219890,156,36,
21,42219981,54,0,
21,42220078,134,41,
21,42220153,16,4,
21,42220155,480,127,
21,42220186,8,0,
21,42220304,12,0,
21,42220329,8,2,
21,42220371,7,1,
21,42220413,5,0,
21,42220414,3,0,
21,42220561,32,19,
21,42220580,7,0,
21,42220598,74,12,
21,42220618,27,4,
21,42220638,5,0,
21,42221152,6,0,
21,42221512,112,50,
21,42221688,83,178,
21,42221719,7,0,
21,42221748,6,0,
21,42221756,55,77,
21,42221761,4,0,
21,42221937,360,395,
21,42221978,7,0,
21,42222007,89,31,
21,42222131,14,4,
21,42222138,112,12,
21,42222236,7,0,
21,42222249,7,1,
21,42222282,36,22,
21,42222387,63,13,
21,42222431,70,5,
21,42222670,4,2,
21,42222717,156,44,
21,42222763,28,2,
21,42222773,16,7,
21,42223050,13,0,
21,42223061,10,0,
21,42223099,347,305,
21,42223196,11,15,
21,42223201,43,2,
21,42223251,5,0,
21,42223286,16,5,
21,42223311,9,2,
21,42223327,3,0,
21,42223458,5,0,
21,42223509,12,1,
21,42223631,8,0,
21,42223650,11,5,
21,42223690,245,43,
21,42223752,3,0,
21,42223851,11,2,
21,42223905,100,70,15
21,42223930,6,0,
21,42223944,21,0,
21,42224042,9,1,
21,42224113,17,1,
21,42224141,12,12,
21,42224178,11,0,
21,42224186,71,1,
21,42224212,54,51,
21,42224264,68,37,
21,42224270,12,0,
21,42224306,54,52,
21,42224319,105,6,
21,42224330,328,241,23
21,42224492,7,0,
21,42224535,8,3,
21,42224611,7,0,
21,42224670,353,95,28
21,42224685,106,147,
21,42224719,105,3,
21,42224752,18,20,
21,42225029,6,0,
21,42225040,9,7,
21,42225056,19,1,
21,42225088,47,34,
21,42225099,91,30,
21,42225481,649,160,10
21,42225609,79,50,12
21,42225628,11,0,
21,42225688,63,19,
21,42225929,42,57,
21,42225971,65,30,
21,42225977,5,2,
21,42226005,95,79,21
21,42226075,31,19,
21,42226081,108,50,
21,42226156,4,0,
21,42226185,135,149,20
21,42226247,9,0,
21,42226357,7,0,
21,42226423,17,4,
21,42226602,32,3,
21,42226833,5,0,
21,42226953,103,127,8
21,42226964,20,4,
21,42227013,21,3,
21,42227118,6,6,
21,42227156,11,0,
21,42227193,6,0,
21,42227233,78,12,25
21,42227292,18,10,
21,42227464,8,0,
21,42227564,19,0,
21,42227645,22,30,
21,42227662,28,1,
21,42227746,5,4,
21,42227843,8,0,
21,42227904,9,0,
21,42228031,48,50,
21,42228039,6,10,
21,42228091,54,8,
21,42228138,91,127,11
21,42228146,56,9,14
21,42228257,17,8,
21,42228472,116,4,5
21,42228486,64,29,14
21,42228518,34,4,
21,42228538,277,163,26
21,42228576,25,31,
21,42228610,34,16,
21,42228658,13,1,
21,42228662,28,2,
21,42228672,93,11,20
21,42228713,14,1,
21,42228729,23,4,
21,42228759,239,70,9
21,42228795,103,83,29
21,42228799,12,2,
21,42228809,3,0,
21,42228814,15,5,
21,42228866,105,26,13
21,42228901,43,27,
21,42228960,11,1,
21,42228994,5,0,
21,42229003,62,53,17
21,42229107,60,18,4
21,42229212,13,6,24
21,42229299,104,28,3
21,42229418,12,3,
21,42229557,21,6,
21,42229665,11,1,
21,42229825,28,15,6
21,42230103,121,119,2
21,42230168,8,2,
21,42230240,4,0,15
21,42230250,10,8,
21,42230265,7,1,
21,42230343,4,0,
21,42230355,15,0,4
21,42230392,113,21,1
22,42156400,84,15,
22,42156516,321,271,
22,42156977,1108,380,
22,42157335,271,103,
22,42157558,465,181,
22,42157885,193,32,
22,42158130,356,171,
22,42158445,171,66,
22,42158451,26,4,
22,42159786,601,150,
22,42160013,54,23,
22,42160071,246,75,
22,42160647,265,33,
22,42161223,163,41,
22,42161284,43,9,
22,42161664,167,120,
22,42161919,897,183,
22,42161987,38,2,
22,42162205,63,14,
22,42162271,136,27,
22,42162404,27,1,
22,42162529,38,2,
22,42162622,263,31,
22,42162654,61,4,
22,42162673,77,16,
22,42162751,123,82,
22,42162755,66,51,
22,42162878,211,88,
22,42163086,86,172,
22,42163302,74,76,
22,42163330,182,110,
22,42163569,37,0,
22,42163591,211,62,
22,42163872,59,13,
22,42163978,129,34,
22,42164071,28,4,
22,42164107,143,40,
22,42164141,221,201,
22,42164154,260,142,
22,42164196,16,1,
22,42164491,42,14,
22,42164637,67,1,
22,42165057,362,189,
22,42165397,249,132,
22,42165759,128,50,
22,42166948,212,45,
22,42167388,30,7,
22,42167633,517,168,
22,42167749,284,300,
22,42167763,132,45,
22,42167809,77,11,
22,42168166,270,102,
22,42168423,158,758,
22,42168491,185,73,
22,42168503,207,137,
22,42168576,104,31,
22,42168652,242,386,
22,42168921,20,0,
22,42168997,187,156,
22,42169363,77,36,
22,42169594,45,13,
22,42169998,316,183,
22,42170281,83,30,
22,42170423,79,8,
22,42170519,76,65,
22,42170552,279,208,
22,42170721,3,0,
22,42170740,359,54,
22,42171043,177,32,
22,42171051,83,10,
22,42171096,166,31,
22,42171146,172,13,
22,42171164,408,267,
22,42171248,62,11,
22,42171311,169,64,
22,42171379,48,7,25
22,42171685,133,100,
22,42171693,166,96,
22,42172015,41,10,
22,42172034,63,18,
22,42172203,119,48,21
22,42172281,271,365,
22,42172565,596,1030,
22,42172575,65,14,
22,42172705,82,168,
22,42172798,23,9,
22,42172857,66,13,
22,42173114,221,55,
22,42173119,289,60,
22,42173184,124,6,
22,42173233,294,120,
22,42173292,94,18,
22,42173538,51,23,
22,42173960,116,107,
22,42174085,166,50,
22,42174105,109,41,
22,42174181,258,54,
22,42174204,585,315,
22,42174231,298,89,
22,42174703,133,87,
22,42174826,31,8,
22,42174829,453,119,
22,42175023,414,190,
22,42175316,269,401,
22,42175624,197,134,
22,42175821,43,4,
22,42175930,22,35,
22,42176051,30,4,
22,42176911,114,49,
22,42176940,17,8,
22,42177462,238,55,
22,42177619,496,994,
22,42177767,1231,1429,
22,42177984,118,99,
22,42178130,92,46,
22,42178916,256,99,
22,42179467,238,93,
22,42179541,105,31,
22,42179774,234,99,
22,42179850,76,46,30
22,42179969,27,9,
22,42180039,47,23,
22,42180516,34,0,
22,42180597,132,38,
22,42180872,151,25,
22,42181345,399,182,
22,42181529,194,31,
22,42181631,43,31,
22,42181803,78,3,
22,42181815,25,8,
22,42181841,84,28,
22,42182113,73,38,
22,42182146,176,109,
22,42182292,98,34,
22,42182519,489,147,
22,42182557,58,9,
22,42182701,108,15,
22,42182784,126,43,
22,42182888,81,97,
22,42183079,68,12,
22,42183192,43,5,
22,42183561,179,98,
22,42183747,168,83,
22,42184968,81,25,
22,42185668,315,115,
22,42185715,111,31,
22,42185842,220,50,
22,42186244,373,213,
22,42186467,32,5,
22,42187494,426,337,
22,42187506,324,224,
22,42187632,7,1,
22,42187640,114,46,
22,42187761,268,52,
22,42187766,222,71,
22,42188043,51,12,
22,42188247,80,50,
22,42188407,173,76,
22,42188544,92,4,
22,42188687,270,424,
22,42188816,60,15,
22,42189253,41,8,
22,42189336,185,213,
22,42189445,36,14,
22,42189491,11,1,
22,42189744,54,51,
22,42189890,175,128,
22,42190065,403,102,
22,42190199,59,19,
22,42190205,54,17,
22,42190418,47,31,
22,42190650,304,60,
22,42190984,6,1,
22,42191354,149,27,
22,42191394,572,711,
22,42191709,583,95,
22,42192237,57,57,
22,42192336,110,70,
22,42192972,198,218,
22,42193530,112,42,
22,42193663,52,18,
22,42193771,613,150,
22,42193793,96,40,
22,42193859,116,90,
22,42193885,61,35,
22,42194170,27,34,
22,42194239,23,1,
22,42194248,41,4,
22,42194315,149,54,
22,42194327,248,479,
22,42194355,79,146,
22,42194540,231,44,
22,42194587,145,69,
22,42195817,47,99,
22,42195895,698,453,
22,42195994,151,19,
22,42196037,104,68,
22,42196185,38,1,
22,42196226,58,4,
22,42196658,9,0,
22,42196794,171,62,
22,42196805,55,15,
22,42196841,159,50,
22,42197741,153,80,
22,42197754,276,151,
22,42197845,124,75,
22,42197953,19,0,
22,42198115,257,185,
22,42198635,152,34,
22,42198662,19,2,
22,42198759,12,2,
22,42198954,157,28,
22,42198973,42,5,
22,42199112,106,64,
22,42199306,75,29,
22,42199447,366,441,
22,42199486,316,130,
22,42199527,112,108,
22,42199769,18,0,
22,42200099,233,54,
22,42200209,642,380,
22,42200407,107,60,
22,42200699,391,279,
22,42200819,38,3,
22,42200929,25,5,
22,42201117,210,70,
22,42201732,12,6,
22,42201892,314,181,
22,42201936,181,19,
22,42202347,10,1,
22,42202397,354,324,
22,42202449,133,89,
22,42202670,467,321,
22,42202834,93,47,
22,42203434,48,0,
22,42203543,848,1001,
22,42203635,163,111,
22,42203895,84,40,
22,42203990,151,59,
22,42204939,78,32,
22,42206556,531,246,
22,42206817,504,449,
22,42206955,186,32,
22,42206990,190,178,
22,42207002,130,32,
22,42207238,37,71,
22,42207282,108,22,
22,42207304,241,71,
22,42207756,27,6,
22,42207783,9,0,
22,42207893,46,15,
22,42208015,49,3,
22,42208383,564,97,
22,42208580,135,64,
22,42208648,13,0,
22,42208850,51,12,
22,42208952,61,10,
22,42208964,128,17,
22,42209159,23,4,
22,42209272,209,192,
22,42210017,10,3,
22,42210061,9,0,
22,42210242,37,2,
22,42210318,21,2,
22,42210528,151,122,
22,42210560,109,153,
22,42210583,62,16,
22,42210592,27,3,
22,42210605,68,48,
22,42210689,271,32,
22,42210728,51,33,
22,42210841,21,12,
22,42211188,75,70,
22,42211561,27,17,10
22,42211616,96,94,
22,42211685,30,5,
22,42211820,15,1,
22,42212071,237,65,
22,42212106,41,55,
22,42212107,3,0,
22,42212280,7,0,
22,42212412,107,25,
22,42212512,39,50,
22,42212543,83,21,
22,42212644,594,224,
22,42212700,109,46,
22,42212746,10,0,
22,42212785,75,55,
22,42212992,235,129,
22,42213178,96,40,
22,42213198,15,4,
22,42213264,8,1,
22,42213290,4,0,
22,42213322,143,23,
22,42213412,45,77,
22,42213639,89,7,
22,42213663,388,237,
22,42213811,4,0,
22,42213902,49,6,
22,42213907,4,0,
22,42214113,7,1,11
22,42214143,48,17,8
22,42214331,160,157,
22,42214873,65,9,
22,42214880,137,30,
22,42215126,648,359,
22,42215410,79,15,
22,42215438,117,43,
22,42215552,583,181,
22,42215910,178,96,
22,42216217,30,8,
22,42216311,95,33,
22,42216346,4,0,
22,42216504,29,9,
22,42216694,79,80,
22,42217172,6,0,
22,42217199,50,0,
22,42217308,3,0,
22,42217418,48,0,
22,42217484,116,87,
22,42217504,68,47,
22,42217535,157,102,
22,42217596,17,3,
22,42217617,3,0,
22,42218130,7,0,
22,42218184,152,78,
22,42218532,326,77,
22,42218728,26,2,
22,42218939,147,2,
22,42218941,42,7,
22,42218942,35,5,
22,42219024,87,41,
22,42219061,5,0,
22,42219070,15,1,
22,42219123,29,4,
22,42219234,13,13,
22,42219278,23,6,
22,42219353,9,2,
22,42219407,243,228,
22,42219411,86,36,
22,42219479,13,2,
22,42219501,8,1,
22,42219578,72,27,
22,42219627,54,72,
22,42219657,20,1,
22,42219708,110,157,
22,42219712,15,11,
22,42219749,11,1,
22,42219885,5,1,
22,42219890,156,36,
22,42219981,54,0,
22,42220078,134,41,
22,42220153,16,4,
22,42220155,481,127,
22,42220186,8,0,
22,42220304,12,0,
22,42220329,8,2,
22,42220371,7,1,
22,42220413,5,0,
22,42220414,3,0,
22,42220561,32,19,
22,42220580,7,0,
22,42220598,74,12,
22,42220618,27,4,
22,42220638,5,0,
22,42221152,6,0,
22,42221512,113,53,
22,42221688,85,181,
22,42221719,7,0,
22,42221748,6,0,
22,42221756,55,77,
22,42221761,4,0,
22,42221937,360,395,
22,42221978,7,0,
22,42222007,89,31,
22,42222131,14,4,
22,42222138,112,12,
22,42222236,7,0,
22,42222249,7,1,
22,42222282,36,22,
22,42222387,63,14,
22,42222431,70,5,
22,42222670,4,2,
22,42222717,156,44,
22,42222763,28,2,
22,42222773,16,7,
22,42223050,13,0,
22,42223061,10,0,
22,42223099,350,310,
22,42223196,11,15,
22,42223201,43,3,
22,42223251,5,0,
22,42223286,16,5,
22,42223311,9,2,
22,42223327,3,0,
22,42223458,5,0,
22,42223509,12,1,
22,42223631,8,0,
22,42223650,11,5,
22,42223690,245,44,
22,42223752,3,0,
22,42223851,11,2,
22,42223905,102,75,17
22,42223930,7,0,
22,42223944,22,0,
22,42224042,9,1,
22,42224141,12,12,
22,42224178,12,0,
22,42224186,71,1,
22,42224212,54,51,
22,42224264,69,38,
22,42224270,12,0,
22,42224306,54,52,
22,42224319,105,6,
22,42224330,329,241,
22,42224492,7,0,
22,42224535,8,1,
22,42224670,355,95,
22,42224685,107,147,
22,42224719,105,3,
22,42224752,18,20,
22,42225029,6,0,
22,42225040,9,7,
22,42225056,19,1,
22,42225088,47,36,
22,42225099,92,30,
22,42225481,650,161,
22,42225609,90,60,14
22,42225628,11,0,
22,42225688,64,19,
22,42225929,42,57,
22,42225971,65,30,
22,42225977,5,2,
22,42226005,108,96,22
22,42226075,31,19,
22,42226081,108,50,
22,42226156,4,0,
22,42226185,162,161,17
22,42226247,9,0,
22,42226357,7,0,
22,42226423,17,4,
22,42226602,32,3,
22,42226833,5,0,
22,42226953,124,172,11
22,42226964,20,5,
22,42227013,22,3,
22,42227118,6,6,
22,42227156,12,0,
22,42227193,6,0,
22,42227233,83,13,26
22,42227292,19,10,
22,42227464,8,0,
22,42227564,19,0,
22,42227645,22,33,
22,42227662,28,1,
22,42227746,5,4,
22,42227843,8,0,
22,42227904,10,0,
22,42228031,48,50,
22,42228039,6,10,
22,42228091,54,8,
22,42228138,105,154,12
22,42228146,64,12,16
22,42228257,19,11,
22,42228472,132,4,7
22,42228486,70,31,20
22,42228518,34,4,
22,42228538,284,173,29
22,42228576,28,34,
22,42228610,35,19,
22,42228658,13,2,
22,42228662,28,2,
22,42228672,100,14,24
22,42228713,16,1,
22,42228729,26,4,
22,42228759,254,78,13
22,42228795,119,111,28
22,42228799,14,2,
22,42228809,3,0,
22,42228814,16,6,
22,42228866,109,27,19
22,42228901,45,31,
22,42228960,11,1,
22,42228994,5,0,
22,42229003,66,63,23
22,42229107,67,21,5
22,42229212,18,9,27
22,42229299,120,32,3
22,42229418,13,3,
22,42229531,5,0,
22,42229557,24,10,
22,42229644,5,2,
22,42229665,13,1,
22,42229825,36,20,5
22,42230103,178,155,2
22,42230168,9,2,
22,42230250,11,12,
22,42230265,8,1,
22,42230343,4,0,
22,42230355,30,0,3
22,42230384,10,0,10
22,42230392,194,33,1
22,42230469,3,0,24
22,42230630,4,0,
22,42230780,7,0,
22,42230846,7,1,
22,42230889,8,0,29
22,42230990,9,0,30
22,42231007,14,1,5
23,42156400,84,15,
23,42156516,322,271,
23,42156977,1108,380,
23,42157335,271,103,
23,42157558,465,181,
23,42158130,356,171,
23,42158445,171,66,
23,42158451,26,4,
23,42159786,601,150,
23,42160071,246,75,
23,42160647,265,33,
23,42161223,163,41,
23,42161284,43,9,
23,42161664,167,120,
23,42161919,897,183,
23,42161987,38,2,
23,42162205,63,14,
23,42162271,136,27,
23,42162404,27,1,
23,42162529,38,2,
23,42162622,263,31,
23,42162654,61,4,
23,42162673,77,16,
23,42162751,123,82,
23,42162755,66,52,
23,42162878,211,88,
23,42163086,86,172,
23,42163302,74,76,
23,42163330,183,110,
23,42163569,37,0,
23,42163591,211,62,
23,42163872,59,13,
23,42163978,129,34,
23,42164107,143,40,
23,42164141,221,201,
23,42164154,260,142,
23,42164196,16,1,
23,42164491,42,14,
23,42164637,67,1,
23,42165057,362,189,
23,42165397,249,132,
23,42165759,128,50,
23,42166948,212,45,
23,42167388,30,7,
23,42167633,517,168,
23,42167749,284,300,
23,42167763,132,45,
23,42167809,77,11,
23,42168166,270,102,
23,42168423,158,758,
23,42168491,185,73,
23,42168503,207,137,
23,42168576,104,31,
23,42168652,242,386,
23,42168921,20,0,
23,42168997,188,156,
23,42169363,77,36,
23,42169594,45,13,
23,42169998,316,183,
23,42170281,83,30,
23,42170423,79,8,
23,42170519,76,65,
23,42170552,279,208,
23,42170721,4,0,19
23,42170740,359,54,
23,42171043,177,32,
23,42171051,83,10,
23,42171096,166,31,
23,42171146,172,13,
23,42171164,408,267,
23,42171248,63,11,
23,42171311,169,64,
23,42171379,50,10,28
23,42171685,133,100,
23,42171693,167,96,
23,42172015,41,10,
23,42172034,63,18,
23,42172203,120,48,
23,42172281,271,365,
23,42172565,596,1030,
23,42172575,65,14,
23,42172705,82,168,
23,42172798,23,9,
23,42172857,66,13,
23,42173114,221,55,
23,42173119,289,60,
23,42173184,124,6,
23,42173233,294,120,
23,42173292,94,18,
23,42173538,52,24,
23,42173960,116,107,
23,42174085,166,50,
23,42174105,109,41,
23,42174181,258,54,
23,42174204,585,315,
23,42174231,298,89,
23,42174703,133,87,
23,42174826,31,8,
23,42174829,453,119,
23,42175023,414,190,
23,42175316,269,401,
23,42175624,197,134,
23,42175821,43,4,
23,42175930,22,35,
23,42176051,30,4,
23,42176911,114,49,
23,42176940,17,8,
23,42177462,238,55,
23,42177619,496,994,
23,42177767,1231,1429,
23,42177984,118,99,
23,42178130,92,46,
23,42178916,256,99,
23,42179467,238,93,
23,42179541,105,31,
23,42179774,234,99,
23,42179850,76,47,
23,42179969,27,9,
23,42180039,47,23,
23,42180516,34,0,
23,42180597,132,38,
23,42180872,151,25,
23,42181345,399,182,
23,42181529,194,31,
23,42181631,44,31,
23,42181803,79,3,
23,42181815,25,8,
23,42181841,84,28,
23,42182113,73,38,
23,42182146,176,109,
23,42182292,98,35,
23,42182519,489,147,
23,42182557,58,9,
23,42182701,108,15,
23,42182784,126,43,
23,42182888,81,97,
23,42183079,68,12,
23,42183173,3,0,
23,42183192,43,5,
23,42183561,179,98,
23,42183747,169,83,
23,42184968,81,25,
23,42185668,315,115,
23,42185715,111,31,
23,42185842,220,50,
23,42186244,374,213,
23,42186467,32,5,
23,42187494,426,337,
23,42187506,324,224,
23,42187632,7,1,
23,42187640,114,46,
23,42187766,222,71,
23,42188043,51,12,
23,42188407,173,76,
23,42188544,92,4,
23,42188816,60,15,
23,42189253,41,8,
23,42189336,185,215,
23,42189445,36,14,
23,42189491,12,1,
23,42189744,54,51,
23,42189890,175,128,
23,42190065,403,102,
23,42190199,59,19,
23,42190205,54,17,
23,42190418,47,31,
23,42190650,304,60,
23,42191354,149,27,
23,42191394,572,711,
23,42191709,583,95,
23,42192237,57,57,
23,42192336,111,70,
23,42192972,198,219,
23,42193530,112,42,
23,42193663,52,18,
23,42193771,613,150,
23,42193793,96,40,
23,42193859,116,90,
23,42193885,61,35,
23,42194170,27,34,
23,42194239,23,1,
23,42194248,41,4,
23,42194315,149,54,
23,42194327,248,479,
23,42194355,79,146,
23,42194540,231,44,
23,42194587,145,69,
23,42195817,47,99,
23,42195895,699,453,
23,42195994,151,19,
23,42196037,104,68,
23,42196185,38,1,
23,42196226,58,4,
23,42196658,9,0,
23,42196794,171,62,
23,42196805,55,15,
23,42196841,159,50,
23,42197741,153,80,
23,42197754,276,151,
23,42197845,124,75,
23,42197953,19,0,
23,42198115,257,185,
23,42198635,152,34,
23,42198662,19,2,
23,42198759,12,2,
23,42198954,157,28,
23,42198973,42,5,
23,42199112,106,64,
23,42199306,75,29,
23,42199447,366,441,
23,42199486,316,130,
23,42199527,112,108,
23,42199769,18,0,
23,42200099,233,54,
23,42200209,643,380,
23,42200407,107,60,
23,42200699,391,279,
23,42200819,38,3,
23,42200929,25,5,
23,42201117,210,70,
23,42201732,12,6,
23,42201892,314,181,
23,42201936,181,19,
23,42202347,10,1,
23,42202397,354,324,
23,42202449,133,89,
23,42202670,467,321,
23,42202834,93,47,
23,42203434,48,0,
23,42203543,848,1002,
23,42203635,163,111,
23,42203895,84,40,
23,42203990,151,59,
23,42204939,78,32,
23,42206556,532,246,
23,42206817,505,449,
23,42206955,186,32,
23,42206990,190,178,
23,42207002,130,32,
23,42207238,37,71,
23,42207282,108,22,
23,42207304,241,71,
23,42207756,27,6,
23,42207783,9,0,
23,42207893,46,15,
23,42208015,49,3,
23,42208383,565,97,
23,42208580,135,64,
23,42208648,13,0,
23,42208850,51,12,
23,42208952,61,10,
23,42208964,128,17,
23,42209159,23,4,
23,42209272,209,192,
23,42210017,10,3,
23,42210061,9,0,
23,42210242,37,2,
23,42210318,21,2,
23,42210528,151,122,
23,42210560,109,153,
23,42210583,62,16,
23,42210592,27,3,
23,42210605,68,48,
23,42210689,271,32,
23,42210728,52,33,
23,42210841,21,12,
23,42211188,75,70,
23,42211561,32,24,21
23,42211616,96,94,
23,42211685,30,5,
23,42211820,15,1,
23,42212071,237,65,
23,42212106,41,55,
23,42212107,3,0,
23,42212280,7,0,
23,42212412,107,25,
23,42212512,39,50,
23,42212543,83,21,
23,42212644,595,224,
23,42212700,109,46,
23,42212746,10,0,
23,42212785,75,55,
23,42212992,236,129,
23,42213178,96,40,
23,42213198,15,4,
23,42213264,8,1,
23,42213290,4,0,
23,42213322,143,23,
23,42213412,45,77,
23,42213639,89,7,
23,42213663,388,237,
23,42213811,4,0,
23,42213902,49,6,
23,42213907,4,0,
23,42214113,12,3,13
23,42214143,58,21,9
23,42214331,161,157,
23,42214873,65,9,
23,42214880,137,30,
23,42215126,648,359,
23,42215410,79,15,
23,42215438,117,43,
23,42215552,583,181,
23,42215910,178,96,
23,42216217,30,8,
23,42216311,95,33,
23,42216346,4,0,
23,42216504,29,9,
23,42216694,79,80,
23,42217172,6,0,
23,42217199,50,0,
23,42217308,3,0,
23,42217418,49,0,
23,42217484,116,87,
23,42217504,68,47,
23,42217535,157,102,
23,42217596,17,3,
23,42217617,3,0,
23,42218130,7,0,
23,42218184,152,78,
23,42218532,327,77,
23,42218728,26,2,
23,42218939,147,2,
23,42218941,42,7,
23,42218942,35,5,
23,42219024,87,41,
23,42219061,5,0,
23,42219070,15,1,
23,42219123,31,4,
23,42219234,13,13,
23,42219278,23,6,
23,42219353,9,2,
23,42219407,243,228,
23,42219479,13,2,
23,42219501,8,1,
23,42219578,72,27,
23,42219627,54,73,
23,42219657,20,1,
23,42219708,110,157,
23,42219712,15,11,
23,42219749,11,1,
23,42219885,5,1,
23,42219890,156,36,
23,42219981,55,0,
23,42220078,134,41,
23,42220153,16,4,
23,42220155,483,127,
23,42220186,8,0,
23,42220304,12,0,
23,42220329,8,2,
23,42220371,7,1,
23,42220413,5,0,
23,42220414,3,0,
23,42220561,32,19,
23,42220580,7,0,
23,42220598,74,12,
23,42220618,27,4,
23,42220638,5,0,
23,42221152,6,0,
23,42221512,113,55,
23,42221688,86,182,
23,42221719,7,0,
23,42221748,6,0,
23,42221756,56,77,
23,42221761,4,0,
23,42221978,8,0,
23,42222007,90,34,
23,42222131,14,4,
23,42222138,113,12,
23,42222236,7,0,
23,42222249,7,1,
23,42222282,36,22,
23,42222387,63,14,
23,42222431,70,8,
23,42222670,4,2,
23,42222717,156,44,
23,42222763,28,2,
23,42222773,16,7,
23,42223050,13,0,
23,42223061,10,0,
23,42223099,350,310,
23,42223196,11,15,
23,42223201,43,3,
23,42223251,5,0,
23,42223286,16,5,
23,42223311,9,2,
23,42223327,3,0,
23,42223458,5,0,
23,42223509,12,1,
23,42223631,8,0,
23,42223650,11,5,
23,42223690,246,44,
23,42223752,3,0,
23,42223851,11,2,
23,42223905,111,81,18
23,42223930,7,0,
23,42223944,22,0,
23,42224042,9,1,
23,42224141,13,12,
23,42224178,14,0,
23,42224186,71,1,
23,42224212,54,51,
23,42224264,69,38,
23,42224270,12,0,
23,42224306,54,52,
23,42224319,108,6,
23,42224330,333,240,
23,42224492,7,0,
23,42224535,8,1,
23,42224670,356,97,
23,42224685,107,147,
23,42224719,106,3,
23,42224752,19,21,
23,42225029,6,0,
23,42225040,9,7,
23,42225056,19,1,
23,42225088,48,37,
23,42225099,92,31,
23,42225481,654,167,
23,42225609,101,67,14
23,42225628,11,0,
23,42225688,65,20,
23,42225929,42,57,
23,42225971,65,30,
23,42226005,124,118,23
23,42226075,31,19,
23,42226081,108,50,
23,42226156,4,0,
23,42226185,189,174,16
23,42226247,10,0,
23,42226357,7,0,
23,42226423,17,4,
23,42226602,32,3,
23,42226833,5,0,
23,42226953,141,204,11
23,42226964,20,5,
23,42227013,23,3,
23,42227118,7,6,
23,42227156,13,0,
23,42227193,6,0,
23,42227233,87,14,27
23,42227292,21,10,
23,42227464,8,0,
23,42227564,19,0,
23,42227645,23,35,
23,42227662,28,1,
23,42227746,6,4,
23,42227843,8,0,
23,42227904,10,0,
23,42228031,48,50,
23,42228039,6,10,
23,42228091,54,8,
23,42228138,117,182,12
23,42228146,68,13,17
23,42228257,19,12,
23,42228472,141,4,7
23,42228486,73,34,21
23,42228518,34,4,
23,42228538,289,177,
23,42228576,30,35,
23,42228610,38,20,
23,42228658,15,3,
23,42228662,28,2,
23,42228672,102,17,30
23,42228673,3,0,
23,42228713,16,1,
23,42228729,28,4,
23,42228759,261,90,15
23,42228795,133,124,29
23,42228799,15,2,
23,42228809,3,0,
23,42228814,19,6,
23,42228866,111,28,25
23,42228901,49,34,
23,42228960,11,1,
23,42228994,5,0,
23,42229003,68,66,
23,42229107,74,23,7
23,42229212,18,10,
23,42229299,147,42,3
23,42229418,13,3,
23,42229531,5,0,
23,42229557,26,12,
23,42229644,5,2,
23,42229665,13,1,
23,42229717,3,0,
23,42229825,45,22,6
23,42230103,220,205,2
23,42230168,11,2,
23,42230250,14,14,
23,42230265,8,1,
23,42230332,9,0,
23,42230343,5,1,
23,42230355,48,0,3
23,42230384,46,4,3
23,42230392,246,41,1
23,42230468,4,0,
23,42230469,10,1,18
23,42230630,4,0,
23,42230780,13,0,
23,42230846,14,2,
23,42230889,21,0,24
23,42230966,11,0,6
23,42230990,22,1,20
23,42231148,48,19,12
23,42231308,8,0,
23,42231355,8,2,
23,42231580,3,0,
23,42231588,5,2,
